,url,label,url_length,has_https,num_subdomains,Special Character Count,Suspicious Keyword Count,domain_age_days,domain_expiry_days,registrar,Unknown Registrar Status,registrar_phishing_score
0,https://www.icecream.com,0,24,1,1,5,0,11380,308,nom-iq ltd dba com laude,0,0.0
1,https://proud-lake-5717.kx7hcssq.workers.dev/,1,45,1,2,9,0,-1,-1,unknown,1,-1.0
2,https://www.stmusic.at,0,22,1,1,5,0,-1,-1,world4you internet services gmbh ( https://nic.at/registrar/61 ),0,0.0
3,http://icuwtzw.cloudaccess.host/,1,32,0,1,6,0,4223,524,enom llc,0,0.0
4,http://bcc56.freehostpro.com/,1,29,0,1,6,0,7927,107,enom inc.,0,0.0
5,http://caracasmateriais.blogspot.com/,1,37,0,1,6,0,-1,-1,unknown,1,-1.0
6,https://beternuipouli.firebaseapp.com/,1,38,1,1,6,0,-1,-1,unknown,1,-1.0
7,https://www.inkspired.ro,0,24,1,1,5,0,5858,-1,hosterion srl,0,0.0
8,http://httpp-roblox.co/users/272262810/profile,1,46,0,0,8,0,109,255,spaceship inc.,0,0.0
9,http://www.yonseidentist.com/wordpress/jp/,1,42,0,1,8,0,8854,3564,whois corp.,0,0.0
10,https://www.forvik.com,0,22,1,1,5,0,6645,293,ionos se,0,2.25
11,http://www.cryptobara.com,1,25,0,1,5,0,1378,82,domainnovations incorporated,0,0.0
12,https://www.thebestnest.co.nz,0,29,1,2,6,0,6306,-1,hoopla hosting limited,0,0.0
13,http://www.prepairweekend.nl,1,28,0,1,5,0,4655,-1,zxcs,0,0.0
14,https://membereg.com/outlook/en-us/microsoft-365/outlook/log-in.html,1,68,1,0,13,0,83,281,namecheap inc,0,0.0
15,https://www.uspsmailjourney.com/uspsmailjourney.com/%C3%83%C2%83%C3%82%C2%83%C3%83%C2%82%C3%82%C2%83%C3%83%C2%83%C3%82%C2%82%C3%83%C2%82%C3%82%C2%83%C3%83%C2%83%C3%82%C2%83%C3%83%C2%82%C3%82%C2%82%C3%83%C2%83%C3%82%C2%82%C3%83%C2%82%C3%82%C2%83%C3%83%C2%83%C3%82%C2%83%C3%83%C2%82%C3%82%C2%83%C3%83%C2%83%C3%82%C2%82%C3%83%C2%82%C3%82%C2%82%C3%83%C2%83%C3%82%C2%83%C3%83%C2%82%C3%82%C2%82%C3%83%C2%83%C3%82%C2%82%C3%83%C2%82%C3%82%C2%83%C3%83%C2%83%C3%82%C2%83%C3%83%C2%82%C3%82%C2%83%C3%83%C2%83%C3%82%C2%82%C3%83%C2%82%C3%82%C2%83%C3%83%C2%83%C3%82%C2%83%C3%83%C2%82%C3%82%C2%82%C3%83%C2%83%C3%82%C2%82%C3%83%C2%82%C3%82%C2%82%C3%83%C2%83%C3%82%C2%83%C3%83%C2%82%C3%82%C2%83%C3%83%C2%83%C3%82%C2%82%C3%83%C2%82%C3%82%C2%82%C3%83%C2%83%C3%82%C2%83%C3%83%C2%82%C3%82%C2%82%C3%83%C2%83%C3%82%C2%82%C3%83%C2%82%C3%82%C2%83%C3%83%C2%83%C3%82%C2%83%C3%83%C2%82%C3%82%C2%83%C3%83%C2%83%C3%82%C2%82%C3%83%C2%82%C3%82%C2%83%C3%83%C2%83%C3%82%C2%83%C3%83%C2%82%C3%82%C2%82%C3%83%C2%83%C3%82%C2%82%C3%83%C2%82%C3%82%C2%83%C3%83%C2%83%C3%82%C2%83%C3%83%C2%82%C3%82%C2%83%C3%83%C2%83%C3%82%C2%82%C3%83%C2%82%C3%82%C2%82%C3%83%C2%83%C3%82%C2%83%C3%83%C2%82%C3%82%C2%82%C3%83%C2%83%C3%82%C2%82%C3%83%C2%82%C3%82%C2%82%C3%83%C2%83%C3%82%C2%83%C3%83%C2%82%C3%82%C2%83%C3%83%C2%83%C3%82%C2%82%C3%83%C2%82%C3%82%C2%83%C3%83%C2%83%C3%82%C2%83%C3%83%C2%82%C3%82%C2%82%C3%83%C2%83%C3%82%C2%82%C3%83%C2%82%C3%82%C2%82%C3%83%C2%83%C3%82%C2%83%C3%83%C2%82%C3%82%C2%83%C3%83%C2%83%C3%82%C2%82%C3%83%C2%82%C3%82%C2%82%C3%83%C2%83%C3%82%C2%83%C3%83%C2%82%C3%82%C2%82%C3%83%C2%83%C3%82%C2%82%C3%83%C2%82%C3%82%C2%83%C3%83%C2%83%C3%82%C2%83%C3%83%C2%82%C3%82%C2%83%C3%83%C2%83%C3%82%C2%82%C3%83%C2%82%C3%82%C2%83%C3%83%C2%83%C3%82%C2%83%C3%83%C2%82%C3%82%C2%82%C3%83%C2%83%C3%82%C2%82%C3%83%C2%82%C3%82%C2%83%C3%83%C2%83%C3%82%C2%83%C3%83%C2%82%C3%82%C2%83%C3%83%C2%83%C3%82%C2%82%C3%83%C2%82%C3%82%C2%82%C3%83%C2%83%C3%82%C2%83%C3%83%C2%82%C3%82%C2%82%C3%83%C2%83%C3%82%C2%82%C3%83%C2%82%C3%82%C2%83%C3%83%C2%83%C3%82%C2%83%C3%83%C2%82%C3%82%C2%83%C3%83%C2%83%C3%82%C2%82%EF%BF%BD,1,2053,1,1,675,0,2633,288,amazon registrar inc.,0,0.0
16,http://www.duniadekho.bar,1,25,0,1,5,0,784,310,gandi sas,0,3.84
17,https://www.theinsightpartners.com,0,34,1,1,5,0,4032,2542,godaddy.com llc,0,0.0
18,https://www.rudidias.com.br,0,27,1,2,6,0,4081,301,unknown,1,-1.0
19,https://www.roblox.com.bn/games/17625359962/RIVALS?privateServerLinkCode=32521013251177191579040166837938&game_id=17625359962&game_name=RIVALS,1,142,1,2,15,0,618,111,imagine sdn bhd,0,0.0
20,http://www.poppingx.com,1,23,0,1,5,0,2580,341,godaddy.com llc,0,0.0
21,https://www.vortex86.com,0,24,1,1,5,0,8820,1041,net-chinese co. ltd.,0,0.0
22,https://www.pekao.com.pl,0,24,1,2,6,0,10782,1264,ovh sas,0,1.82
23,https://www.jamuna.tv,0,21,1,1,5,0,4328,1150,namecheap inc,0,0.0
24,http://www.partiesandprettythings.com,1,37,0,1,5,0,2157,33,godaddy.com llc,0,0.0
25,https://www.amazon.ie/ap/signin?openid.pape.max_auth_age=1209600&openid.return_to=https%3A%2F%2Fwww.amazon.ie%2Fcheckout%2Fp%2Fp-404-5633797-9446727%2Fpip%2F&openid.identity=http%3A%2F%2Fspecs.openid.net%2Fauth%2F2.0%2Fidentifier_select&openid.assoc_handle=amazon_checkout_ie&openid.mode=checkid_setup&language=en_IE&openid.claimed_id=http%3A%2F%2Fspecs.openid.net%2Fauth%2F2.0%2Fidentifier_select&openid.ns=http%3A%2F%2Fspecs.openid.net%2Fauth%2F2.0,1,450,1,1,70,1,9653,258,com laude,0,0.0
26,http://www.redcrossco.com,1,25,0,1,5,0,83,281,gmo internet inc.,0,0.0
27,http://www.1guag8v6zsne21myf9hdwm7r95.net,1,41,0,1,5,0,2779,142,verisign security and stability,0,0.0
28,https://www.tombraiderforums.com,0,32,1,1,5,0,9420,75,dnc holdings inc,0,0.0
29,https://www.wincert.net,0,23,1,1,5,0,7393,2468,dynadot llc,0,0.0
30,http://www.mail.cozyreview.com,1,30,0,2,6,0,412,-48,hostinger operations uab,0,0.0
31,https://www.charityengine.com,0,29,1,1,5,0,7301,1234,enom inc.,0,0.0
32,https://dev-pagina-principal-itauweb-24hrs.pantheonsite.io/ita/index.html,1,73,1,1,12,0,-1,-1,unknown,1,-1.0
33,https://www.mishtann.com,0,24,1,1,5,0,4215,167,pdr ltd. d/b/a publicdomainregistry.com,0,29.32
34,https://doc345469fx569m-1310252903.cos.na-siliconvalley.myqcloud.com/apps.htm,1,77,1,3,11,0,4830,2839,markmonitor information technology (shanghai) co. ltd.,0,0.0
35,https://www.idonate.com,0,23,1,1,5,1,8590,175,namecheap inc,0,0.0
36,http://www.mel.cloudcontentsmak.com,1,35,0,2,6,0,2920,1,ionos se,0,2.25
37,https://www.schwabcharitable.org,0,32,1,1,5,0,9813,48,markmonitor inc.,0,3.55
38,https://www.doravillega.us,0,26,1,1,5,0,8483,281,godaddy.com llc,0,0.0
39,https://www.donationcoder.com,0,29,1,1,5,0,8084,315,wild west domains llc,0,0.0
40,http://pancakeswap.yahoosites.com,1,33,0,1,5,0,7405,264,markmonitor inc.,0,3.55
41,https://www.superiorsights.com,0,30,1,1,5,0,8856,274,godaddy.com llc,0,0.0
42,http://www.urbannft.xyz,1,23,0,1,5,0,230,134,gmo internet inc.,0,0.0
43,https://www.pipefittingsdirect.co.uk,0,36,1,2,6,0,7206,463,enix ltd [tag = cloudns],0,0.0
44,http://www.joia-data.com,1,24,0,1,6,0,1583,242,hostinger operations uab,0,0.0
45,https://icloudoficial.com/?i=JiZQC,1,34,1,0,7,0,147,217,gransy s.r.o.,0,0.0
46,http://www.galeripemenangshopee012.blogspot.com/,1,48,0,2,7,0,-1,-1,unknown,1,-1.0
47,https://www.worldart.co.za,0,26,1,2,6,0,8146,253,diamatrix c.c.,0,7.31
48,https://my-trans00.firebaseapp.com/,1,35,1,1,7,0,-1,-1,unknown,1,-1.0
49,https://dawn-thunder-aecb.51g0jm50281.workers.dev/,1,50,1,2,9,0,-1,-1,unknown,1,-1.0
50,https://www.islamic-relief.org.uk,0,33,1,2,7,0,10480,476,safenames ltd [tag = safenames],0,0.0
51,https://www.rangerscharity.org.uk,0,33,1,2,6,0,6999,1036,team blue internet services uk limited t/a team blue internet services limited t/a names.co.uk [tag = namesco],0,0.0
52,http://www.f0588972.xsph.ru,1,27,0,2,6,0,6559,379,sprintnames-ru,0,0.0
53,https://officegraf.com.br/lbpiaccess.com/login/,1,47,1,1,9,1,7652,748,unknown,1,-1.0
54,https://www.myirtech.com,0,24,1,1,5,0,5257,1317,alibaba cloud computing (beijing) co. ltd.,0,0.0
55,https://www.palaisgalliera.paris.fr,0,35,1,2,6,0,9135,278,nameshield,0,0.0
56,https://load-page-genius-1000542978.firebaseapp.com/,1,52,1,1,9,0,-1,-1,unknown,1,-1.0
57,https://www.doping.nl,0,21,1,1,5,0,9745,-1,rijksoverheid,0,0.0
58,https://fagancontabilidade.com.br/red.php,1,41,1,1,7,0,3780,236,unknown,1,-1.0
59,https://www.dynu.com,0,20,1,1,5,0,9837,1850,dynu systems inc.,0,0.0
60,http://www.elmico.es,1,20,0,1,5,0,-1,-1,unknown,1,-1.0
61,https://www.orlandohealth.com,0,29,1,1,5,0,10228,362,godaddy corporate domains llc,0,0.0
62,https://www.myhappyjourney.com,0,30,1,1,5,0,6369,204,pdr ltd. d/b/a publicdomainregistry.com,0,29.32
63,http://www.emfsys.gr,1,20,0,1,5,0,-1,-1,unknown,1,-1.0
64,https://www.gpo.gov,0,19,1,1,5,0,10514,371,get.gov,0,0.0
65,https://www.californiafrontier.net,0,34,1,1,5,0,3879,138,bluehost inc.,0,1.31
66,https://www.ourwhiskeylullaby.com,0,33,1,1,5,0,4969,143,godaddy.com llc,0,0.0
67,https://www.sweetvenues.com,0,27,1,1,5,0,5660,548,tucows.com co.,0,0.0
68,https://www.xrpl.org,0,20,1,1,5,0,4176,937,cloudflare inc.,0,0.0
69,https://www.enesco.co.uk,0,24,1,2,6,0,10510,81,godaddy.com llc. [tag = godaddy],0,0.0
70,https://www.ragpiano.com,0,24,1,1,5,0,6935,1465,tucows.com co.,0,0.0
71,https://www.coastalhomepillows.com,0,34,1,1,5,0,4956,2348,godaddy.com llc,0,0.0
72,https://www.texmaco.in,0,22,1,1,5,0,7819,215,endurance international group india private limited,0,0.0
73,https://empaquestransparentes.com/,1,34,1,0,5,0,7464,205,tlds llc. d/b/a srsplus,0,0.0
74,http://import-verifi-aci0ncl1p.iceiy.com/,1,41,0,1,8,0,2047,143,porkbun llc,0,10.83
75,https://www.ks95.com,0,20,1,1,5,0,10411,179,godaddy.com llc,0,0.0
76,http://www.sectionsystems.com/wp-includes/login/office/outlook/,1,63,0,1,11,1,2264,291,turncommerce inc. dba namebright.com,0,0.0
77,https://organisasi.bulungan.go.id/public/pmmitpsatuijiydw6h0zhkwrhsk7b77h,1,73,1,2,8,0,-1,-1,unknown,1,-1.0
78,https://www.freetochoosenetwork.org,0,35,1,1,5,0,4542,205,register.com - network solutions llc,0,0.0
79,http://www.reltime2012.ru,1,25,0,1,5,0,2383,173,regru-ru,0,0.0
80,https://page-review-0901513.web.app/,1,36,1,1,8,0,-1,-1,unknown,1,-1.0
81,http://www.m-analytics.net,1,26,0,1,6,0,1580,245,network solutions llc,0,0.0
82,http://www.krestinaful.com,1,26,0,1,5,0,1680,145,dynadot llc,0,0.0
83,https://sp1ct6-fraplor-biz-slortek-qravnex.pages.dev/,1,53,1,1,10,0,-1,-1,unknown,1,-1.0
84,https://ststransportes.com/mails.ststransportes.com/caamarra.html,1,65,1,0,9,0,2079,111,wingu networks s.a. de c.v.,0,0.0
85,https://www.vaccinealliance.org,0,31,1,1,5,0,9696,165,synergy wholesale accreditations pty ltd,0,1.71
86,http://www.lucysmith.0fees.net,1,30,0,2,6,0,6840,99,godaddy.com llc,0,0.0
87,https://www.aromaandessence.com,0,31,1,1,5,0,2140,50,namecheap inc,0,0.0
88,https://www.imocci.com,0,22,1,1,5,0,3255,31,world4you internet services gmbh,0,0.0
89,https://www.carboncommentary.com,0,32,1,1,5,0,6991,313,ionos se,0,2.25
90,https://gateway.pinata.cloud/ipfs/qmqj5rhlnturuszk5ozugv96dayjdwxdyqp7jnzdsvzeuh?_gl=1*19revru*_ga*mja1mtaxmda3mi4xnjc1ndi4ndk4*_ga_5rmpxg14te*mty3nzg1mtaxns4xmy4xlje2nzc4ntewodaunjaumc4w#9,1,189,1,1,15,0,2884,37,namecheap inc,0,0.0
91,http://www.f0560532.xsph.ru,1,27,0,2,6,0,6559,379,sprintnames-ru,0,0.0
92,http://www.internetcloak.com,1,28,0,1,5,0,7353,316,godaddy.com llc,0,0.0
93,https://www.redcross.ca,0,23,1,1,5,0,9414,271,fastwebserver internet services inc.,0,0.0
94,https://mit-alert01a.web.app/,1,29,1,1,7,0,-1,-1,unknown,1,-1.0
95,http://www.44ctct.com,1,21,0,1,5,0,4199,183,gname.com pte. ltd.,0,85.5
96,https://www.atlasmfg.com,0,24,1,1,5,0,11020,302,cloudflare inc.,0,0.0
97,http://www.smeemail.com,1,23,0,1,5,0,585,144,namecheap inc,0,0.0
98,https://www.saffronroad.com,0,27,1,1,5,0,8090,309,godaddy.com llc,0,0.0
99,https://www.roberthood.net,0,26,1,1,5,0,9492,368,tucows.com co.,0,0.0
100,https://www.donateblood.org,0,27,1,1,5,1,10526,429,godaddy.com llc,0,0.0
101,http://j71a.vip/,1,16,0,0,5,0,51,313,namemart pte. ltd.,0,197.54
102,https://www.remember-them.org,0,29,1,1,6,0,7365,304,bluehost inc.,0,1.31
103,https://www.incuto.com,0,22,1,1,5,0,3113,538,godaddy.com llc,0,0.0
104,https://www.flkeysnews.com,0,26,1,1,5,0,6741,198,godaddy corporate domains llc,0,0.0
105,https://www.longjewelers.net,0,28,1,1,5,0,9934,1753,register.com - network solutions llc,0,0.0
106,https://figte1.pages.dev/%C2%A1Che-Boludo-Gringos-Understanding-Argentines-ebook/dp/B07X5MHNYZ/ref=zg_bs_g_158263011_d_sccl_25/140-0511187-1603342?psc=1,1,152,1,1,22,0,-1,-1,unknown,1,-1.0
107,http://www.onurtel.com,1,22,0,1,5,0,666,428,realtime register b.v.,0,15.92
108,http://a0746867.xsph.ru/,1,24,0,1,6,0,6559,379,sprintnames-ru,0,0.0
109,https://www.sistersofcharity.org.au,0,35,1,2,6,0,-1,-1,domain directors pty ltd trading as instra,0,0.0
110,https://www.estilmenut.com,1,26,1,1,5,0,4135,247,enom inc.,0,0.0
111,https://mastadjabu.com/wp-content/upgrade/porti/,1,48,1,0,9,0,414,-50,namecheap inc,0,0.0
112,https://www.univ-tours.fr,0,25,1,1,6,0,11519,168,gip renater,0,0.0
113,https://www.kitchenina.com,0,26,1,1,5,0,3729,287,godaddy.com llc,0,0.0
114,https://www.agii.be,0,19,1,1,5,0,4222,-1,unknown,1,-1.0
115,https://www.gasb.org,0,20,1,1,5,0,10929,757,godaddy.com llc,0,0.0
116,https://www.rapidtvnews.com,0,27,1,1,5,0,7174,495,spaceship inc.,0,0.0
117,https://www.motorsportireland.com,0,33,1,1,5,0,9960,266,onlinenic inc.,0,0.0
118,https://www.gabriellachocolates.com,0,35,1,1,5,0,8134,265,godaddy.com llc,0,0.0
119,https://www.stenaline.se,0,24,1,1,5,0,10705,153,csc corp domains,0,0.0
120,http://kasdadfd.com/,1,20,0,0,5,0,56,308,namecheap inc,0,0.0
121,http://www.p2pilive.com,1,23,0,1,5,0,1521,304,tucows.com co.,0,0.0
122,http://www.v.nnncity.xyz,1,24,0,2,6,0,419,-55,gmo internet group inc. d/b/a onamae.com,0,0.0
123,http://www.raveston.com,1,23,0,1,5,0,2876,45,network solutions llc.,0,0.0
124,http://www.s3.tercabilis.info,1,29,0,2,6,0,-1,-1,unknown,1,-1.0
125,http://sp1ct6-slarnix-biz-vroltek-drulvik.pages.dev/,1,52,0,1,10,0,-1,-1,unknown,1,-1.0
126,http://galabet88.net/,1,21,0,0,5,0,270,94,namesilo llc,0,0.0
127,https://www.le-monde-des-dinosaures.net,0,39,1,1,8,0,2885,36,dropcatch.com 1241 llc,0,0.0
128,https://owa.updatedtravel.com/s/63BZGFSVBWSFCDX7Y9/584dd8/90eab167-7429-489f-99f6-ce86e8d0d81a,1,94,1,1,13,0,4913,199,markmonitor inc.,0,3.55
129,https://www.washingtonexaminer.com,0,34,1,1,5,0,7409,260,godaddy.com llc,0,0.0
130,https://www.jasonsigal.cc,0,25,1,1,5,0,5149,328,enom inc.,0,0.0
131,http://www.a0615320.xsph.ru,1,27,0,2,6,0,6559,379,sprintnames-ru,0,0.0
132,https://secu-pass.myportfolio.com/,1,34,1,1,7,0,10578,377,nom-iq ltd dba com laude,0,0.0
133,http://accts-rcvry325.rf.gd/,1,28,0,1,7,0,4707,40,key-systems gmbh,0,7.6
134,https://www.ksrelief.org,0,24,1,1,5,0,4074,674,instra corporation pty ltd.,0,6.38
135,https://morning-smoke-08d8.u84799i09929.workers.dev/,1,52,1,2,9,0,-1,-1,unknown,1,-1.0
136,https://www.bartongrouphomesearch.com,0,37,1,1,5,0,3724,658,godaddy.com llc,0,0.0
137,http://www.newkano.com,1,22,0,1,5,0,3038,248,web commerce communications limited dba webnic.cc,0,188.71
138,http://dhl-event.app/,1,21,0,0,6,0,-1,-1,unknown,1,-1.0
139,https://www.abbeytheatre.ie,0,27,1,1,5,0,10165,427,irish domains,0,0.0
140,http://www.allt.cannca.shop,1,27,0,2,6,0,-1,-1,unknown,1,-1.0
141,http://www.infohadiahshopee800.blogspot.com/,1,44,0,2,7,0,-1,-1,unknown,1,-1.0
142,http://www.1690hh.com/,1,22,0,1,6,0,3632,384,godaddy.com llc,0,0.0
143,https://www.donationmatch.com,0,29,1,1,5,0,8812,318,godaddy.com llc,0,0.0
144,https://www.sathyainfo.com,0,26,1,1,5,0,6147,61,amazon registrar inc.,0,0.0
145,https://soporte2323.webcindario.com/,1,36,1,1,6,0,9268,1323,tucows.com co.,0,0.0
146,https://phishing.789greeting.com/s/63BZGFSVBWSFCDX7Y9/584dd8/90eab167-7429-489f-99f6-ce86e8d0d81a,1,97,1,1,13,0,6426,147,markmonitor inc.,0,3.55
147,https://www.jacksonvilleil.com,0,30,1,1,5,0,9471,1850,network solutions llc,0,0.0
148,https://www.echo.net.au,0,23,1,2,6,0,-1,-1,tucows (australia) pty ltd trading as opensrs,0,0.0
149,http://www.dynu.systems,1,23,0,1,5,0,-1,-1,unknown,1,-1.0
150,https://www.stylo.ca,0,20,1,1,5,0,9400,321,rebel.ca corp.,0,0.0
151,https://www.iwritingpad.com,0,27,1,1,5,0,4683,64,gandi sas,0,3.84
152,https://www.redcross.org.uk,0,27,1,2,6,0,10941,116,nom-iq limited t/a com laude [tag = nomiq],0,0.0
153,https://www.yorkwalls.org.uk,0,28,1,2,6,0,5768,75,one.com a/s [tag = tjnf-dk],0,0.0
154,http://www.textfluss-bremen.de,1,30,0,1,6,0,-1,-1,unknown,1,-1.0
155,https://www.digitalezivilgesellschaft.org,0,41,1,1,5,0,2299,256,amazon registrar inc.,0,0.0
156,https://www.purplebuttons.com,0,29,1,1,5,0,5501,342,godaddy.com llc,0,0.0
157,http://www.mitsui-jyuku.mixh.jp,1,31,0,2,7,0,2910,14,unknown,1,-1.0
158,http://www.divyapushti.org,1,26,0,1,5,0,2470,86,terranet (india) private limited,0,0.0
159,https://acnote009.web.app/,1,26,1,1,6,0,-1,-1,unknown,1,-1.0
160,https://www.mjfletcher.net,0,26,1,1,5,0,5125,352,dreamhost,0,0.0
161,https://www.alderheycharity.org,0,31,1,1,5,0,4397,350,godaddy.com llc,0,0.0
162,http://terra-mail-gx.clicketcloud.com/bxcse34erh79879sd3/5bd6ab048577964/5bd6ab048577/ec254190207us546ydtrfg4rfktvc/trr_s_origem=/,1,130,0,1,14,0,4030,352,gandi sas,0,3.84
163,http://www.iego.org,1,19,0,1,5,0,8489,276,shanghai best oray information s&t co. ltd.,0,0.0
164,http://bienbonvoyage.com,1,24,0,0,4,0,1291,169,godaddy.com llc,0,0.0
165,http://www.zozylya5565.zzz.com.ua,1,33,0,3,7,0,4169,213,"тов ""центр інтернет-імен україни""",0,0.0
166,https://www.sweetrelief.org,0,27,1,1,5,0,10765,3479,godaddy.com llc,0,0.0
167,http://www.infoundianshopee66.blogspot.com/,1,43,0,2,7,0,-1,-1,unknown,1,-1.0
168,https://www.ngsgenealogy.org,0,28,1,1,5,0,10615,340,cloudflare inc.,0,0.0
169,https://www.denofgeek.com,0,25,1,1,5,0,7026,278,godaddy.com llc,0,0.0
170,https://ipfs.litnet.work/ipfs/bafybeies2uc2v5pas5ingrrcrv7nn6ptzoim6ngihnxijrsou42h6al5cu//sve.html,1,99,1,1,10,0,190,174,gandi sas,0,3.84
171,https://www.richard-wagner-museum.ch,0,36,1,1,7,0,-1,-1,unknown,1,-1.0
172,https://www.conservastore.com,0,29,1,1,5,0,9524,336,network solutions llc,0,0.0
173,https://cebjiankb4.firebaseapp.com/,1,35,1,1,6,0,-1,-1,unknown,1,-1.0
174,https://www.hohner.de,0,21,1,1,5,0,-1,-1,unknown,1,-1.0
175,http://www.testtralala.xorg.pl,1,30,0,2,6,0,2604,317,aftermarket.pl limited,0,0.0
176,http://organisasi.bulungan.go.id/public/p12fnteaaljhtclkwywutqt56zj89ewc/,1,73,0,2,9,0,-1,-1,unknown,1,-1.0
177,http://www.pravinpatil.in,1,25,0,1,5,0,2428,859,godaddy.com llc,0,0.0
178,https://www.cantorrelief.org,0,28,1,1,5,0,9067,428,csc corporate domains inc.,0,0.0
179,http://www.bitwoll.com,1,22,0,1,5,0,2475,81,markmonitor inc.,0,3.55
180,https://icloudmailservice.sviluppo.host/v1/service/,1,51,1,1,8,0,3351,1761,tucows.com co.,0,0.0
181,https://broken-frog-9b1d.c15dgve8ta.workers.dev/,1,48,1,2,9,0,-1,-1,unknown,1,-1.0
182,http://www.dienmaynghiaphat.com,1,31,0,1,5,0,2691,230,p.a. viet nam company limited,0,1.64
183,https://metafb-rdek30m.firebaseapp.com/,1,39,1,1,7,0,-1,-1,unknown,1,-1.0
184,https://mute-sky-cf42.lecaw118715270.workers.dev/,1,49,1,2,9,0,-1,-1,unknown,1,-1.0
185,https://dawn-brook-50ea.yagsjsvdbevdjcbs6760.workers.dev/,1,57,1,2,9,0,-1,-1,unknown,1,-1.0
186,http://www.smallbizhacklondon.com,1,33,0,1,5,0,3233,53,markmonitor inc.,0,3.55
187,https://www.organdonation.nhs.uk,0,32,1,2,6,0,-1,-1,unknown,1,-1.0
188,https://www.salestechstar.com,0,29,1,1,5,0,3198,88,godaddy.com llc,0,0.0
189,https://www.itis.gov,0,20,1,1,5,0,7435,208,get.gov,0,0.0
190,https://ipfs.io/ipfs/qmr8ggg1mucwev6mrjpjgh5ng2jwujnqkrwgixevibo2gs,1,67,1,0,6,0,4443,304,csc corporate domains inc.,0,0.0
191,https://www.pi-top.com,0,22,1,1,6,0,4444,303,123-reg limited,0,1.69
192,http://www.paytordmbdekmizq.torsona.com,1,39,0,2,6,0,3835,182,silverbackdomains.com llc,0,0.0
193,https://www.wdrb.com,0,20,1,1,5,0,10575,380,godaddy corporate domains llc,0,0.0
194,https://www.my-redcross.org,0,27,1,1,6,0,3200,86,dropcatch.com 1059 llc,0,0.0
195,https://www.theshrimpfarm.com,0,29,1,1,5,0,7788,246,cloudflare inc.,0,0.0
196,http://www.dietitiansheenam.com,1,31,0,1,5,0,2164,1122,godaddy.com llc,0,0.0
197,https://www.fss.com,0,19,1,1,5,0,11711,3262,network solutions llc,0,0.0
198,http://www.a0392617.xsph.ru,1,27,0,2,6,0,6559,379,sprintnames-ru,0,0.0
199,https://www.meerlanden.nl,0,25,1,1,5,0,9918,-1,smallhold,0,0.0
200,https://www.sonofmarketing.com,0,30,1,1,5,0,3878,139,tucows.com co.,0,0.0
201,http://www.galeri-pemenang-shopee42.blogspot.com/,1,49,0,2,9,0,-1,-1,unknown,1,-1.0
202,http://www.lespetitsplatsdetina.com,1,35,0,1,5,0,2716,205,infomaniak network sa,0,1.9
203,http://www.tim.com,1,18,0,1,5,0,10228,728,tucows.com co.,0,0.0
204,http://www.int.ps,1,17,0,1,5,0,-1,-1,unknown,1,-1.0
205,https://www.sencha.com,0,22,1,1,5,0,9016,114,godaddy.com llc,0,0.0
206,https://www.eurocars.ro,0,23,1,1,5,0,8039,-1,alfa web srl,0,0.0
207,https://www.amadershomoy.com,0,28,1,1,5,0,7947,3374,network solutions llc,0,0.0
208,https://www.neliti.com,0,22,1,1,5,0,4100,1013,amazon registrar inc.,0,0.0
209,http://www.frc-conf.com,1,23,0,1,6,0,1497,328,namecheap inc,0,0.0
210,http://www.charitylov.com,1,25,0,1,5,0,2162,28,eurodns s.a.,0,2.15
211,https://www.charitychoices.com,0,30,1,1,5,0,9862,364,domainspot llc,0,0.0
212,https://process-3riversfcu-online.web.app/,1,42,1,1,8,0,-1,-1,unknown,1,-1.0
213,https://www.buffalocurse.com,0,28,1,1,5,0,7001,303,register.com - network solutions llc,0,0.0
214,http://www.2bbd.com,1,19,0,1,5,0,568,161,godaddy.com llc,0,0.0
215,https://www.hemophilia.org,0,26,1,1,5,0,10653,1035,godaddy.com llc,0,0.0
216,http://rwen1.yianboa9nhiha5.com/,1,32,0,1,6,0,144,220,godaddy.com llc,0,0.0
217,https://www.rafacastello.com,0,28,1,1,5,0,6931,104,squarespace domains ii llc,0,1.73
218,http://www.1615666888.com/,1,26,0,1,6,0,1865,325,godaddy.com llc,0,0.0
219,http://sp1ct6-drament-biz-glarnor-fravnix.pages.dev/,1,52,0,1,10,0,-1,-1,unknown,1,-1.0
220,https://s3.amazonaws.com/appforest_uf/f1669596176720x441329497908121900/indexnew%20%281%29.html,1,95,1,1,12,0,7637,184,markmonitor inc.,0,3.55
221,https://gpfhe-zqaaa-aaaad-qewwa-cai.raw.ic0.app/,1,48,1,2,11,0,-1,-1,unknown,1,-1.0
222,https://jacomlimetes.s3.us-east-005.backblazeb2.com/aumento.html,1,64,1,3,11,0,3654,362,cloudflare inc.,0,0.0
223,https://www.ehomeamerica.org,0,28,1,1,5,0,6753,1282,godaddy.com llc,0,0.0
224,https://www.rchistory.com,0,25,1,1,5,0,9494,1827,network solutions llc,0,0.0
225,https://www.bikeraceinfo.com,0,28,1,1,5,0,7558,476,network solutions llc,0,0.0
226,http://www.wwwelectrum.org,1,26,0,1,5,0,338,26,inwx gmbh,0,8.52
227,https://auth3usngwd0c65bdrvsharepoint.capitolelectrics.com/,1,59,1,1,6,0,283,81,wild west domains llc,0,0.0
228,https://www.ssusc.org,0,21,1,1,5,0,5621,222,godaddy.com llc,0,0.0
229,https://www.fdm-europe.com,0,26,1,1,6,0,7119,185,world4you internet services gmbh,0,0.0
230,http://auth2usngwd0c88bdrvsharepoint.wardhealthpa.com/,1,54,0,1,6,0,44,320,wild west domains llc,0,0.0
231,https://www.fayettecountyga.gov,0,31,1,1,5,0,8135,48,get.gov,0,0.0
232,https://www.pabsec.org,0,22,1,1,5,0,10133,92,nics telekomunikasyon a.s.,0,4.01
233,http://galabetbonus.com/,1,24,0,0,5,0,316,48,godaddy.com llc,0,0.0
234,https://www.ball.com,0,20,1,1,5,0,12923,1322,network solutions llc,0,0.0
235,https://digital3rivers-e.web.app/,1,33,1,1,7,0,-1,-1,unknown,1,-1.0
236,http://login-sand-two.vercel.app/,1,33,0,1,8,1,-1,-1,unknown,1,-1.0
237,https://www.charitynavigator.org,0,32,1,1,5,0,9161,1430,network solutions llc,0,0.0
238,https://www.spectrumconcerts.com,0,32,1,1,5,0,9591,269,ionos se,0,2.25
239,https://www.forumopolis.com,0,27,1,1,5,0,8002,32,godaddy.com llc,0,0.0
240,https://www.thefarmersmusic.com,0,31,1,1,5,0,7700,334,squarespace domains ii llc,0,1.73
241,https://whouaquessequesais.firebaseapp.com/,1,43,1,1,6,0,-1,-1,unknown,1,-1.0
242,https://www.marcopierrewhite.co,0,31,1,1,5,0,4086,295,ionos se,0,2.25
243,https://www.humanitarianlibrary.org,0,35,1,1,5,0,7853,181,godaddy.com llc,0,0.0
244,https://bafybeibaa7e3gul6xq5pbnlr3h7iqpxinnrr2au73ic4di2pqwdxu4l5da.ipfs.infura-ipfs.io/,1,88,1,2,8,0,2358,198,gandi sas,0,3.84
245,https://dev-blplataformawebgt.pantheonsite.io,1,45,1,1,6,0,-1,-1,unknown,1,-1.0
246,https://www.sheffield.ac.uk,0,27,1,2,6,0,10941,-1,no registrar listed.  this domain is directly registered with nominet.,0,0.0
247,https://sweet-credit-1101.9bllu15-2614.workers.dev/,1,51,1,2,10,0,-1,-1,unknown,1,-1.0
248,http://www.i55fundraising.com,1,29,0,1,5,1,4127,1351,launchpad.com inc.,0,2.03
249,https://www.civilology.com,0,26,1,1,5,0,3805,212,dynadot llc,0,0.0
250,https://www.danteharker.com,0,27,1,1,5,0,7665,1830,network solutions llc,0,0.0
251,https://www.womanpilot.com,0,26,1,1,5,0,10478,112,namesilo llc,0,0.0
252,https://www.bsfuji.tv,0,21,1,1,5,0,9440,786,gmo internet inc.,0,0.0
253,https://www.theoilbar.com,0,25,1,1,5,0,7583,1182,tucows.com co.,0,0.0
254,https://www.bitsbetrippin.io,0,28,1,1,5,0,3147,139,godaddy.com llc,0,0.0
255,https://www.amadeus-equipment.co.uk,0,35,1,2,7,0,542,552,internet domain services bs corp t/a internet.bs [tag = ids-bs],0,0.0
256,https://www.palaeovertebrata.com,0,32,1,1,5,0,4993,484,ovh sas,0,1.82
257,https://www.pedrojarque.com,0,27,1,1,5,0,4572,175,godaddy.com llc,0,0.0
258,https://www.unicef.fr,0,21,1,1,5,0,8617,307,amen / agence des médias numériques,0,0.0
259,http://www.static.help-naver.com,1,32,0,2,7,1,1056,39,namecheap inc,0,0.0
260,http://www.gconsultingfirm.com,1,30,0,1,5,0,1766,59,godaddy.com llc,0,0.0
261,https://portal.edoctransfer.com/s/63BZGFSVBWSFCDX7Y9/584dd8/90eab167-7429-489f-99f6-ce86e8d0d81a,1,96,1,1,13,0,6321,252,markmonitor inc.,0,3.55
262,https://www.18thstlounge.com,0,28,1,1,5,0,5524,289,godaddy.com llc,0,0.0
263,http://www.smx.nu,1,17,0,1,5,0,871,224,registrar.eu,0,0.0
264,http://www.hbaa.law,1,19,0,1,5,0,3813,204,101domain grs limited,0,3.86
265,http://www.ws018.hemnes.win,1,27,0,2,6,0,2728,193,key-systems llc,0,0.0
266,https://www.avanan.com,0,22,1,1,5,0,4400,347,amazon registrar inc.,0,0.0
267,http://www.chtoluca.com.mx,1,26,0,2,6,0,5138,339,wingu networks s.a de c.v.,0,0.0
268,https://hostingo.sviluppo.host/s/?LOG=29c7734b18123757ac21c7f5e29364d2422e167a8fd2e33bfe948b6864d6c43d,1,102,1,1,9,0,-1,-1,unknown,1,-1.0
269,https://www.spilmanlaw.com,0,26,1,1,5,0,10802,1249,network solutions llc,0,0.0
270,https://onelogin1secure.myportfolio.com/,1,40,1,1,6,2,10578,377,nom-iq ltd dba com laude,0,0.0
271,https://www.friv.com,0,20,1,1,5,0,8085,1775,namecheap inc,0,0.0
272,https://www.bgs.ac.uk,0,21,1,2,6,0,10941,-1,no registrar listed.  this domain is directly registered with nominet.,0,0.0
273,https://www.unum.com,0,20,1,1,5,0,10935,20,csc corporate domains inc.,0,0.0
274,https://www.customcouturelabelcompany.com,0,41,1,1,5,0,7451,218,wild west domains llc,0,0.0
275,http://www.dyn-access.org,1,25,0,1,6,0,9119,376,key-systems gmbh,0,7.6
276,https://digitalehealthsolutions.com/,1,36,1,0,5,0,1755,70,namecheap inc,0,0.0
277,http://www.onedrivebusiness.com,1,31,0,1,5,0,298,66,unstoppable domains inc.,0,33.68
278,https://www.charitywatch.org,0,28,1,1,5,0,10151,2631,network solutions llc,0,0.0
279,https://www.dvdshrink.org,0,25,1,1,5,0,8500,996,ovh sas,0,1.82
280,https://www.fph.org.uk,0,22,1,2,6,0,8632,133,gandi [tag = gandi],0,0.0
281,https://www.explorebigsky.com,0,29,1,1,5,0,5778,65,godaddy.com llc,0,0.0
282,https://www.donationalerts.com,0,30,1,1,5,0,4201,546,namecheap inc,0,0.0
283,https://www.shopworx.com,0,24,1,1,5,0,10572,18,godaddy.com llc,0,0.0
284,https://www.stelco.com,0,22,1,1,5,0,10871,84,network solutions llc,0,0.0
285,https://if8tofyiugkjihk.wqbsdoecuisrj4845.workers.dev/,1,54,1,2,7,0,-1,-1,unknown,1,-1.0
286,https://www.cyberbotics.com,0,27,1,1,5,0,10396,194,infomaniak network sa,0,1.9
287,https://www.outofthefog.net,0,27,1,1,5,0,6822,117,godaddy.com llc,0,0.0
288,https://tiny-morning-9af8.kpedhgrt.workers.dev/,1,47,1,2,9,0,-1,-1,unknown,1,-1.0
289,https://www.ortussolutions.com,0,30,1,1,5,0,-1,-1,unknown,1,-1.0
290,https://www.aceaircargo.com,0,27,1,1,5,0,8567,198,godaddy.com llc,0,0.0
291,https://tra-srt09923.firebaseapp.com/,1,37,1,1,7,0,-1,-1,unknown,1,-1.0
292,https://www.science-et-vie.com,0,30,1,1,7,0,10689,268,gandi sas,0,3.84
293,http://www.abtbank.online,1,25,0,1,5,0,1452,374,network solutions llc.,0,0.0
294,http://www.keyang.co.kr,1,23,0,2,6,0,10325,821,inames co. ltd.(http://www.inames.co.kr),0,0.0
295,http://ledhghg-shfjfdd.pages.dev/,1,33,0,1,7,0,-1,-1,unknown,1,-1.0
296,http://www.195kkk195.com/,1,25,0,1,6,0,2376,180,godaddy.com llc,0,0.0
297,http://www.ricosdulcesmexicanos.com,1,35,0,1,5,0,2157,33,godaddy.com llc,0,0.0
298,https://sp1ct6-tramtek-biz-vraqnix-fralvik.pages.dev/,1,53,1,1,10,0,-1,-1,unknown,1,-1.0
299,https://www.radiomarsho.com,0,27,1,1,5,0,5970,238,https://www.101domain.com/,0,0.0
300,https://tatahrsupport.com/?rid=6306292&key=1F3I8S,1,49,1,0,9,0,92,272,godaddy.com llc,0,0.0
301,http://www.shaishavchildrights.org,1,34,0,1,5,0,8346,419,hostinger operations uab,0,0.0
302,http://www.amazon.ie/checkout/p/p-404-5633797-9446727/pip/,1,58,0,1,13,0,9653,258,com laude,0,0.0
303,https://www.anotherworldadventures.com,0,38,1,1,5,0,5261,217,123-reg limited,0,1.69
304,http://connectwallet.42web.io/,1,30,0,1,6,0,2162,393,namecheap inc,0,0.0
305,https://organisasi.bulungan.go.id/public/j5ane529et96gyhzjmxdlsav83qid8v1,1,73,1,2,8,0,-1,-1,unknown,1,-1.0
306,https://varq.org/wp-admin/Empire_Digital_Products,1,49,1,0,7,0,4400,347,pdr ltd. d/b/a publicdomainregistry.com,0,29.32
307,http://www.co.nu,1,16,0,1,5,0,5460,18,internetx gmbh,0,19.8
308,http://www.flash.governmentmm.com,1,33,0,2,6,0,1573,252,dynadot llc,0,0.0
309,http://www.ispel.com.pl,1,23,0,2,6,0,2844,77,consulting service sp. z o.o.,0,0.0
310,https://livecamacademy.com/authdocs-29392-938203,1,48,1,0,7,0,4146,236,namesilo llc,0,0.0
311,https://matesanto.com/nationalupskill/nationalupskill.htm,1,57,1,0,7,0,5249,228,dattatec corp,0,4.05
312,https://www.bejealous.com,0,25,1,1,5,0,6566,2564,godaddy.com llc,0,0.0
313,http://mi-rushang.github.io/instagram.com,1,41,0,1,8,0,-1,-1,unknown,1,-1.0
314,https://mbemailt6jar1m.firebaseapp.com/,1,39,1,1,6,0,-1,-1,unknown,1,-1.0
315,https://s3.amazonaws.com/appforest_uf/f1678778670641x575682255262988540/ind1.html,1,81,1,1,9,0,7637,184,markmonitor inc.,0,3.55
316,https://www.rochesterhills.org,0,30,1,1,5,0,10213,743,network solutions llc,0,0.0
317,https://www.downtoearth-indonesia.org,0,37,1,1,6,0,5900,308,total registrations,0,0.0
318,http://www.service-recovery.site,1,32,0,1,6,0,2151,39,markmonitor inc.,0,3.55
319,http://www.cdneurop.cloud,1,25,0,1,5,0,881,214,gandi sas,0,3.84
320,https://www.nord-aurdal.kommune.no,0,34,1,2,7,0,9740,-1,unknown,1,-1.0
321,http://www.bluedragon.com,1,25,0,1,5,0,11025,297,markmonitor inc.,0,3.55
322,http://www.uccftl.org,1,21,0,1,5,0,8986,509,launchpad.com inc.,0,2.03
323,https://www.humanitariancoalition.ca,0,36,1,1,5,0,6582,356,webnames.ca inc.,0,0.0
324,https://www.charities.gov.sg,0,28,1,2,6,0,7247,57,government technology agency,0,0.0
325,http://www.xn--28-vlc2ak.xn--p1ai,1,33,0,1,10,0,-1,-1,unknown,1,-1.0
326,http://www.a0154466.xsph.ru,1,27,0,2,6,0,6559,379,sprintnames-ru,0,0.0
327,http://www.grus.ru.xsph.ru,1,26,0,3,7,0,6559,379,sprintnames-ru,0,0.0
328,http://sp1ct6-glarnix-biz-vroltek-tramvor.pages.dev/,1,52,0,1,10,0,-1,-1,unknown,1,-1.0
329,http://www.balaateen.co.za,1,26,0,2,6,0,3584,67,afrihost,0,0.0
330,http://www.shotsbyshari.com,1,27,0,1,5,0,-1,-1,unknown,1,-1.0
331,http://www.strangled.net,1,24,0,1,5,0,9791,2262,porkbun llc,0,10.83
332,http://www.f0517928.xsph.ru,1,27,0,2,6,0,6559,379,sprintnames-ru,0,0.0
333,http://www.fullaski.com/longman/ourtimepge/v3/,1,46,0,1,9,0,4256,126,odtu gelistirme vakfi bilgi teknolojileri sanayi ve ticaret anonim sirketi,0,0.0
334,http://www.lhs-kitchen.com,1,26,0,1,6,0,2400,156,alibaba cloud computing (beijing) co. ltd.,0,0.0
335,https://www.charite-academy.de,0,30,1,1,6,0,-1,-1,unknown,1,-1.0
336,https://www.royalvarietycharity.org,0,35,1,1,5,0,4129,984,ionos se,0,2.25
337,https://www.d2mstudio.com,0,25,1,1,5,0,2859,62,squarespace domains ii llc,0,1.73
338,https://emioetygiauhfyue-rtyqwfugihiuoeooietyu.pages.dev/?e=Calal8@16ae99dbd5b0ed4c0759b98bcd581a24f90c.net&&fstryfeybewv?tyweguykd6*0$!734bkewjybnggs%23hsh%3C%3E2%25@,1,167,1,1,22,0,-1,-1,unknown,1,-1.0
339,https://www.getfussy.com,0,24,1,1,5,0,2371,550,123-reg limited,0,1.69
340,https://www.odonatacentral.org,0,30,1,1,5,0,7124,1641,godaddy.com llc,0,0.0
341,http://www.home.lc,1,18,0,1,5,0,-1,-1,unknown,1,-1.0
342,https://www.rrinconline.com,0,27,1,1,5,0,6385,188,tucows.com co.,0,0.0
343,https://comp-chasear.qe20624.workers.dev/,1,41,1,2,8,0,-1,-1,unknown,1,-1.0
344,https://storageapi.fleek.co/b620e7da-f4f5-4e6e-8d8e-8c4c3783180b-bucket/vat4/index.html,1,87,1,1,14,0,2322,233,1api gmbh,0,10.37
345,https://www.studyinternational.com,0,34,1,1,5,0,9187,674,godaddy.com llc,0,0.0
346,https://al-akshaintl.com/wp-includes/ydfsdj456/docusign.html,1,60,1,0,10,0,1126,334,namecheap inc,0,0.0
347,https://www.fidelitycharitable.org,0,34,1,1,5,0,5510,333,csc corporate domains inc.,0,0.0
348,http://www.yudaria.com,1,22,0,1,5,0,1766,424,registrar of domain names reg.ru llc,0,10.78
349,https://www.donatepay.ru,0,24,1,1,5,1,3534,117,ardis-ru,0,0.0
350,http://www.winsystemsvc.net,1,27,0,1,5,0,-1,-1,unknown,1,-1.0
351,http://www.primecaviar.com,1,26,0,1,5,0,3520,131,godaddy.com llc,0,0.0
352,https://www.thepostnewspapers.com,0,33,1,1,5,0,-1,-1,unknown,1,-1.0
353,http://m.annasinai.com/,1,23,0,1,6,0,245,119,turingsign inc. d/b/a cosmotown,0,52.91
354,https://ipfs.io/ipfs/qma8u3gmfcmqanbwvrgdwt8whvc3w3e9zzxjtnx9x3fpfw?filename=user.html,1,86,1,0,9,0,4443,304,csc corporate domains inc.,0,0.0
355,https://www.childsplaycharity.org,0,33,1,1,5,0,8058,341,squarespace domains ii llc,0,1.73
356,https://www.fundraisingregulator.org.uk,0,39,1,2,6,1,3832,185,cloudflare inc. [tag = cloudflare],0,0.0
357,http://tinyurl.com/5f22ezmn?07,1,30,0,0,6,0,8935,3117,tucows.com co.,0,0.0
358,http://www.samhwansleel.com,1,27,0,1,5,0,667,62,godaddy.com llc,0,0.0
359,https://www.sharedkey.com,0,25,1,1,5,0,6739,200,enom inc.,0,0.0
360,https://www.philagodu.be,0,24,1,1,5,0,9345,-1,unknown,1,-1.0
361,http://www.mvsummerhoops.com,1,28,0,1,5,0,4423,324,godaddy.com llc,0,0.0
362,https://www.charityandlife.com,0,30,1,1,5,0,4530,217,godaddy.com llc,0,0.0
363,https://s3.amazonaws.com/appforest_uf/f1679992418908x651647641435242300/indexu4.html?e=3d36c66696e6540726872696e7465726e6174696f6e616c2e636f6d,1,142,1,1,11,0,-1,-1,unknown,1,-1.0
364,https://www.busworld.org,0,24,1,1,5,0,10652,305,ascio technologies inc. danmark - filial af ascio technologies inc. usa,0,0.0
365,http://www.webspawner.com,1,25,0,1,5,0,11065,1718,whc online solutions inc,0,0.0
366,https://icy-hat-9dd6.gr-b1k2p.workers.dev/,1,42,1,2,10,0,-1,-1,unknown,1,-1.0
367,https://www.ibdrelief.com,0,25,1,1,5,0,4239,143,ionos se,0,2.25
368,https://www.alterrative.com,0,27,1,1,5,0,3371,280,online sas,0,0.0
369,https://www.redcross.org.nz,0,27,1,2,6,0,10713,-1,dreamscape networks international pte ltd t/a crazy domains,0,0.0
370,https://www.tigerbalm.com,0,25,1,1,5,0,10684,494,markmonitor inc.,0,3.55
371,https://drnissan57.com/greenvalleyvet.net,1,41,1,0,6,0,283,81,quantum names llc,0,0.0
372,https://www.ladarbia.com,0,24,1,1,5,0,5467,376,tucows.com co.,0,0.0
373,http://www.brydenstt.com,1,24,0,1,5,0,8174,1322,network solutions llc,0,0.0
374,http://claim-danaa-pending.naa.my.id/,1,37,0,2,9,1,-1,-1,unknown,1,-1.0
375,http://napaautoparts.us.org,1,27,0,1,5,0,-1,-1,unknown,1,-1.0
376,http://chaincoine.epizy.com,1,27,0,1,5,0,-1,-1,unknown,1,-1.0
377,https://www.stern.de,0,20,1,1,5,0,-1,-1,unknown,1,-1.0
378,https://ipfs.io/ipfs/qmbjgytxibaxjtg6rngt39rrdlz43nqbc6npme9v7p7hrr?filename=sdsdsdfdfdferere%20tutuyuyuyuuyuyuy%20u%20urururueeyeyeyeyeye000.html,1,146,1,0,12,0,4443,304,csc corporate domains inc.,0,0.0
379,http://www.allez.la,1,19,0,1,5,0,6881,789,namesilo llc,0,0.0
380,https://www.charitytoday.co.uk,0,30,1,2,6,0,4550,197,gandi [tag = gandi],0,0.0
381,https://www.robiox.com.gr/users/2224946718/profile,1,50,1,2,9,0,-1,-1,unknown,1,-1.0
382,http://www.syngenta-usa.com,1,27,0,1,6,0,3865,517,csc corporate domains inc.,0,0.0
383,http://www.connectbyte.com.br,1,29,0,2,6,0,5754,89,unknown,1,-1.0
384,https://blue-salad-fb5c.kosaci4411.workers.dev/,1,47,1,2,9,0,-1,-1,unknown,1,-1.0
385,https://www.inaba-petfood.co.jp,0,31,1,2,7,0,9596,-1,unknown,1,-1.0
386,https://dev-sedcureituans.pantheonsite.io,1,41,1,1,6,0,-1,-1,unknown,1,-1.0
387,https://www.blessyouboys.com,0,28,1,1,5,0,7700,334,amazon registrar inc.,0,0.0
388,http://j65h.vip/,1,16,0,0,5,0,58,306,namemart pte. ltd.,0,197.54
389,http://www.chat3.de,1,19,0,1,5,0,-1,-1,unknown,1,-1.0
390,https://www.cittadellaspezia.com,0,32,1,1,5,0,-1,-1,unknown,1,-1.0
391,https://multi-factor.link/E._nL2Zo4wVni5?/ContextID=O365,1,56,1,0,10,0,470,259,gandi sas,0,3.84
392,http://www.wizzdomhub.com,1,25,0,1,5,0,-1,-1,unknown,1,-1.0
393,http://www.superbproxy.com,1,26,0,1,5,0,6970,334,godaddy.com llc,0,0.0
394,http://www-philadelphiafurnitureshow-com.usrfiles.com/html/0e472f_4d9b2a88f72eb4191a8eb158b004ca1f.html,1,103,0,1,10,0,4798,314,godaddy.com llc,0,0.0
395,http://www.tyres-n-services.com,1,31,0,1,7,0,2160,30,godaddy.com llc,0,0.0
396,https://www.girlfriendsgiftshop.com,0,35,1,1,5,1,5109,3,pdr ltd. d/b/a publicdomainregistry.com,0,29.32
397,http://www.wswellproducts.com,1,29,0,1,5,0,5724,119,wild west domains llc,0,0.0
398,http://www.amicusdh.org,1,23,0,1,5,0,3878,139,godaddy.com llc,0,0.0
399,https://www.srcalifornia.com,0,28,1,1,5,0,9421,1535,dnc holdings inc,0,0.0
400,http://www.a0651615.xsph.ru,1,27,0,2,6,0,6559,379,sprintnames-ru,0,0.0
401,https://indoamerica200.github.io/libremx/,1,41,1,1,7,0,-1,-1,unknown,1,-1.0
402,https://www.sardegnaabbandonata.it,0,34,1,1,5,0,5048,63,aruba s.p.a.,0,0.0
403,https://www.grokcode.com,0,24,1,1,5,0,7014,290,namecheap inc,0,0.0
404,https://shaw-tracker.pages.dev/,1,31,1,1,7,0,-1,-1,unknown,1,-1.0
405,http://www.polyboatowners.com,1,29,0,1,5,0,8072,327,namecheap inc,0,0.0
406,https://office80f8a649b49eef411c04a82b3e39b85b80f8a649b49eef411c04aa8fd.onedriveoffice.workers.dev/,1,99,1,2,7,0,-1,-1,unknown,1,-1.0
407,https://www.market.unicefusa.org,0,32,1,2,6,0,11348,1799,network solutions llc,0,0.0
408,http://www.rftjrsrv.net,1,23,0,1,5,0,2158,397,network solutions llc,0,0.0
409,https://sanmarkngo.org/newjp/system.php?zonealldom=ywfhyublegftcgxllmpw,1,71,1,0,9,0,2524,1128,godaddy.com llc,0,0.0
410,https://www.mapsofworld.com,0,27,1,1,5,0,9815,46,godaddy.com llc,0,0.0
411,http://www.senate.qov.info,1,26,0,2,6,0,-1,-1,unknown,1,-1.0
412,https://www.metrotimes.com,0,26,1,1,5,0,11159,162,godaddy.com llc,0,0.0
413,https://www.luggagefactory.com,0,30,1,1,5,0,10668,1385,network solutions llc,0,0.0
414,https://www.thermex.co.uk,0,25,1,2,6,0,10591,0,123-reg limited t/a 123-reg [tag = 123-reg],0,0.0
415,https://ipfs.fleek.co/ipfs/qmbm4uxxs4v8yqakzb3n4tzv9cmfzrwsnxf2rp31uo1ur7,1,73,1,1,7,0,2322,233,1api gmbh,0,10.37
416,http://www.123test.com.xsph.ru,1,30,0,3,7,0,6559,379,sprintnames-ru,0,0.0
417,http://www.chiptochip.es,1,24,0,1,5,0,-1,-1,unknown,1,-1.0
418,https://www.fabulapp.de,0,23,1,1,5,0,-1,-1,unknown,1,-1.0
419,http://www.nursesweekparty.com,1,30,0,1,5,0,2270,285,dynadot llc,0,0.0
420,https://www.cheer-accident.com,0,30,1,1,6,0,-1,-1,unknown,1,-1.0
421,https://www.hungry-girl.com,0,27,1,1,6,0,8686,2271,godaddy.com llc,0,0.0
422,https://www.rid.uscourts.gov,0,28,1,2,6,0,10514,70,get.gov,0,0.0
423,https://www.foodmategroup.com,0,29,1,1,5,0,2591,330,alibaba cloud computing (beijing) co. ltd.,0,0.0
424,http://www.archryazan.ru,1,24,0,1,5,0,2982,304,regru-ru,0,0.0
425,https://www.wyldhome.com,0,24,1,1,5,0,3956,61,enom inc.,0,0.0
426,http://641641645414.hyperphp.com/,1,33,0,1,6,0,7210,94,namecheap inc,0,0.0
427,https://www.wowgoods.nl,0,23,1,1,5,0,5358,-1,realtime register,0,0.0
428,https://raphaelaguilar.matmcc.org/netsource,1,43,1,1,6,0,3621,761,godaddy.com llc,0,0.0
429,https://infura-ipfs.io/ipfs/qmsytswdvbd6jah4youvybvmqk6v4eosj2dednphgqzggc/sso/index.html,1,89,1,0,10,0,2358,198,gandi sas,0,3.84
430,https://sp1ct6-plovtek-biz-vraqlor-slurnik.pages.dev/,1,53,1,1,10,0,-1,-1,unknown,1,-1.0
431,http://www.quick.cannca.shop,1,28,0,2,6,0,-1,-1,unknown,1,-1.0
432,https://www.clinicalcorrelations.org,0,36,1,1,5,0,7161,508,markmonitor inc.,0,3.55
433,https://www.lovelight.com.au,0,28,1,2,6,0,-1,-1,unknown,1,-1.0
434,http://www.aboutmyip.com,1,24,0,1,5,0,7960,439,godaddy.com llc,0,0.0
435,https://netflixportal.com/l/eyJzIjoiMmFhNmFlZGItZTQ4Ny00Y2MxLWJjY2ItZWYzNzcwYTE5NGE0IiwiZSI6IjNiODNjOGE4LWY1NTgtNGMzMi04NWMzLWViZGEzNjQxYzYyZSIsInNjIjoxMDYsInQiOjIzNn0.sOhFLrFG6-p3fZOcHt5a5u2JshAuVxoOjpV2sOeTrxM,1,211,1,0,8,0,2480,76,amazon registrar inc.,0,0.0
436,http://www.end70.com,1,20,0,1,5,0,10005,221,godaddy.com llc,0,0.0
437,https://statistic.abuit.info/?app_vl=ZYFwlHFpbWKEmLqxy5qmnnx0YsC2wa-TpaiVYsBxj2phmqOgnLFwrYw&e=Isalik7@eb0d91e42a48600881cb11c5c52e3333735a.net&fn=Dawid&ln=Bobrowski&p=&sui=%7Bsui%7D&z=PLNAMERAW-3005-digi8,1,205,1,1,27,0,-1,-1,unknown,1,-1.0
438,https://swedbanklv-update.web.app/,1,34,1,1,7,0,-1,-1,unknown,1,-1.0
439,https://cn.lnmxys.com/home/register?code=40555,1,46,1,1,9,0,2425,131,godaddy.com llc,0,0.0
440,https://www.hunantoday.cn,0,25,1,1,5,0,3841,3098,阿里云计算有限公司（万网）,0,0.0
441,https://www.happybeginningseggdonation.com,0,42,1,1,5,0,7376,3215,wild west domains llc,0,0.0
442,https://www.bevhillscosmeticsurgery.com,0,39,1,1,5,0,-1,-1,unknown,1,-1.0
443,https://8rvv.short.gy/bper.it/,1,30,1,1,8,0,2001,189,gandi sas,0,3.84
444,https://review-case-manage-1293132.web.app/,1,43,1,1,9,0,-1,-1,unknown,1,-1.0
445,http://www.s3.pampopholf.com,1,28,0,2,6,0,1635,190,dynadot llc,0,0.0
446,https://www.theunmodernwoman.com,0,32,1,1,5,0,3492,159,godaddy.com llc,0,0.0
447,http://www.hih7.com,1,19,0,1,5,0,5571,2829,domainshype.com llc,0,0.0
448,https://ipfs.litnet.work/ipfs/bafybeiekbq3txwvwxof34ls4zwxh7okpxj5x4k3laufqqfjdo7qfr7zx6e,1,89,1,1,7,0,190,174,gandi sas,0,3.84
449,http://www.marineboyrecords.com,1,31,0,1,5,0,1656,169,tucows.com co.,0,0.0
450,https://www.aap.com.au,0,22,1,2,6,0,-1,-1,synergy wholesale accreditations pty ltd,0,1.71
451,https://www.fact.com.pk,0,23,1,2,6,0,8338,427,unknown,1,-1.0
452,https://www.radiostellatoscana.it,0,33,1,1,5,0,2559,-4,aruba s.p.a.,0,0.0
453,https://163-1ew.pages.dev/,1,26,1,1,7,0,-1,-1,unknown,1,-1.0
454,https://sp1ct6-slurnex-biz-tramnix-qoltrik.pages.dev/,1,53,1,1,10,0,-1,-1,unknown,1,-1.0
455,http://www.thegratitudelistproject.org,1,38,0,1,5,0,5053,424,squarespace domains llc,0,2.38
456,https://www.roblox.com.bn/games/104922659387499/Steal-A-Valentino?privateServerLinkCode=32521013251177191579040166837938&game_id=104922659387499&game_name=Steal-A-Valentino,1,172,1,2,19,0,618,111,imagine sdn bhd,0,0.0
457,https://detectioncenter-case100055111.firebaseapp.com/,1,54,1,1,7,0,-1,-1,unknown,1,-1.0
458,http://www.f0567202.xsph.ru,1,27,0,2,6,0,6559,379,sprintnames-ru,0,0.0
459,https://www.malinelle.com,0,25,1,1,5,0,6783,156,ovh sas,0,1.82
460,https://www.alelion.com,0,23,1,1,5,0,471,258,namecheap inc,0,0.0
461,http://www.christopher-cloos.com,1,32,0,1,6,0,3229,57,godaddy.com llc,0,0.0
462,https://bhatt-sakshi.github.io/ecommerce-ui/,1,44,1,1,9,0,-1,-1,unknown,1,-1.0
463,http://www.support-google.ru,1,28,0,1,6,0,50,314,domainshop-ru,0,0.0
464,https://www.humanitarianoutcomes.org,0,36,1,1,5,0,6824,115,ionos se,0,2.25
465,http://www.eternalflamez.com,1,28,0,1,5,0,-1,-1,unknown,1,-1.0
466,https://www.mikitenarch.com,0,27,1,1,5,0,8482,283,network solutions llc,0,0.0
467,http://galabet38.net/,1,21,0,0,5,0,194,170,namecheap inc,0,0.0
468,http://schedulecallwithqbcare.com/,1,34,0,0,5,0,284,80,godaddy.com llc,0,0.0
469,https://www.dafc.co.uk,0,22,1,2,6,0,9814,412,cloudflare inc. [tag = cloudflare],0,0.0
470,https://sp1ct6-fraltek-biz-vraqnix-traplor.pages.dev/,1,53,1,1,10,0,-1,-1,unknown,1,-1.0
471,http://www.idipanel.ru.xsph.ru,1,30,0,3,7,0,6559,379,sprintnames-ru,0,0.0
472,https://www.lojkits.com,0,23,1,1,5,0,3886,131,squarespace domains ii llc,0,1.73
473,http://www.donatewa.phpnet.us,1,29,0,2,6,1,7364,304,namecheap inc,0,0.0
474,https://www.mckevlins.com,0,25,1,1,5,0,9571,289,network solutions llc,0,0.0
475,https://www.hoppa.org.uk,0,24,1,2,6,0,8158,241,krystal hosting ltd [tag = krystal],0,0.0
476,http://organisasi.bulungan.go.id/public/t80ca9sczgmoywwp6ecc1xcxoz5obxz8,1,72,0,2,8,0,-1,-1,unknown,1,-1.0
477,http://www.ttkplc.com,1,21,0,1,5,0,5049,63,porkbun llc,0,10.83
478,http://www.6py.xyz,1,18,0,1,5,0,335,29,gmo internet inc.,0,0.0
479,http://www.ymokymakyfe.biz,1,26,0,1,5,0,3450,200,dynadot llc,0,0.0
480,https://www.harmo.org,0,21,1,1,5,0,8660,105,tucows.com co.,0,0.0
481,https://www.bol.pt,0,18,1,1,5,0,-1,-1,unknown,1,-1.0
482,https://www.historyofmedicine.com,0,33,1,1,5,0,10737,951,network solutions llc,0,0.0
483,http://www.luxkupe.ru,1,21,0,1,5,0,5514,329,beget-ru,0,0.0
484,https://www.siteimpulse.com,0,27,1,1,5,0,-1,-1,unknown,1,-1.0
485,https://www.punderwood.com,0,26,1,1,5,0,8643,272,squarespace domains llc,0,2.38
486,https://www.patrickfogli.com,0,28,1,1,5,0,6517,421,tucows.com co.,0,0.0
487,http://www.sldrelief.org,1,24,0,1,5,0,1475,350,godaddy.com llc,0,0.0
488,http://www.uufin.welco.live,1,27,0,2,6,0,-1,-1,unknown,1,-1.0
489,https://www.justindavid.com,0,27,1,1,5,0,5192,285,godaddy.com llc,0,0.0
490,http://www.wansgo.oss-ap-southeast-5.aliyuncs.com,1,49,0,3,10,0,-1,-1,unknown,1,-1.0
491,https://portalexclusivo.s3.us-east-005.backblazeb2.com/aumento.html,1,67,1,3,11,0,3654,362,cloudflare inc.,0,0.0
492,https://www.theydons.com,0,24,1,1,5,0,7168,136,123-reg limited,0,1.69
493,https://www.mrmproductions.com,0,30,1,1,5,0,-1,-1,unknown,1,-1.0
494,https://www.max.se,0,18,1,1,5,0,10913,167,abion ab,0,0.0
495,https://www.rospa.com,0,21,1,1,5,0,10527,63,network solutions llc,0,0.0
496,https://www.1to1media.com,0,25,1,1,5,0,10627,328,csc corporate domains inc.,0,0.0
497,https://sobreserlivre.s3.us-east-005.backblazeb2.com/aumento.html,1,65,1,3,11,0,3654,362,cloudflare inc.,0,0.0
498,https://www.nottsapc.nhs.uk,0,27,1,2,6,0,-1,-1,unknown,1,-1.0
499,http://www.tendenciasv.com,1,26,0,1,5,0,2546,10,enom inc.,0,0.0
500,http://www.sv.gp,1,16,0,1,5,0,-1,-1,unknown,1,-1.0
501,https://www.kuula.co,0,20,1,1,5,0,3807,209,1api gmbh,0,10.37
502,https://www.solar1.org,0,22,1,1,5,0,7784,250,cloudflare inc.,0,0.0
503,https://sites.google.com/view/150klist1,1,39,1,1,7,0,10530,791,markmonitor inc.,0,3.55
504,https://www.chevronracingcars.com,0,33,1,1,5,0,7065,239,tucows.com co.,0,0.0
505,http://www.wp.services,1,22,0,1,5,0,-1,-1,unknown,1,-1.0
506,https://www.americasrelief.org,0,30,1,1,5,0,7972,62,dreamhost llc,0,0.0
507,https://www.brasilagosto.org,0,28,1,1,5,0,3015,271,enom llc,0,0.0
508,https://www.wpcharitable.com,0,28,1,1,5,0,4355,1123,godaddy.com llc,0,0.0
509,https://www.stamfordadvocate.com,0,32,1,1,5,0,10177,48,csc corporate domains inc.,0,0.0
510,http://www.t09369e5644d9afbac3a7a9690cda4b384.ws,1,48,0,1,5,0,-1,-1,unknown,1,-1.0
511,https://www.policlinicariovermelho.com.br,1,41,1,2,6,0,5151,692,unknown,1,-1.0
512,https://www.bpifrance.fr,0,24,1,1,5,0,4955,157,action giratoire,0,0.0
513,http://www.teetah.com,1,21,0,1,5,0,8688,77,turncommerce inc. dba namebright.com,0,0.0
514,http://www.4everproxy.com,1,25,0,1,5,0,5259,219,porkbun llc,0,10.83
515,http://ebillrechnung.flazio.com/,1,32,0,1,6,0,5737,1202,tucows.com co.,0,0.0
516,https://www.mrcpontiac.qc.ca,0,28,1,2,6,0,9380,2070,tucows.com co.,0,0.0
517,https://www.businesscontent.com,0,31,1,1,5,0,8626,139,godaddy.com llc,0,0.0
518,https://www.wab.net,0,19,1,1,5,0,9673,188,key-systems gmbh,0,7.6
519,https://icloudoficial.com/expire/?5,1,35,1,0,7,0,147,217,gransy s.r.o.,0,0.0
520,https://sp1ct6-fravlor-biz-plornax-tramnex.pages.dev/,1,53,1,1,10,0,-1,-1,unknown,1,-1.0
521,https://www.art4.ru,0,19,1,1,5,0,7906,128,ru-center-ru,0,0.0
522,https://docu-sign24022023doc1-1312962597.cos.ap-chengdu.myqcloud.com/docu.htm,1,77,1,3,12,0,4830,2839,markmonitor information technology (shanghai) co. ltd.,0,0.0
523,http://www.virtualansweringservice.com/netsalesrep/,1,51,0,1,7,0,2026,164,namecheap inc,0,0.0
524,https://www.chapman.edu,0,23,1,1,5,0,12727,745,unknown,1,-1.0
525,https://www.milkvelvetpearls.com,0,32,1,1,5,0,4462,285,godaddy.com llc,0,0.0
526,https://www.ipm.iastate.edu,0,27,1,2,6,0,14269,379,unknown,1,-1.0
527,https://gateway.pinata.cloud/ipfs/bafybeifaepewbypikaxmjs6hipa3unjqoqggurgxnzcqomfqkawatnyztm/qy.html,1,101,1,1,9,0,2884,37,namecheap inc,0,0.0
528,http://www.isteingeek.de,1,24,0,1,5,0,-1,-1,unknown,1,-1.0
529,http://www.fumuso.com,1,21,0,1,5,0,4337,45,turncommerce inc. dba namebright.com,0,0.0
530,https://www.redcross.fi,0,23,1,1,5,0,12980,45,suomen punainen risti,0,0.0
531,https://www.apimages.com,0,24,1,1,5,0,7961,73,network solutions llc,0,0.0
532,http://mikedetillier-1316850103.cos.eu-frankfurt.myqcloud.com/mikedetillier.html,1,80,0,3,11,0,4830,2839,markmonitor information technology (shanghai) co. ltd.,0,0.0
533,http://www.rejdfgo.ru.xsph.ru,1,29,0,3,7,0,6559,379,sprintnames-ru,0,0.0
534,https://www.teagasc.ie,0,22,1,1,5,0,9424,258,topsec technology,0,0.0
535,https://www.mtn.com,0,19,1,1,5,0,-1,-1,unknown,1,-1.0
536,http://www.ilopr.com,1,20,0,1,5,0,518,211,godaddy.com llc,0,0.0
537,https://dev-confirchofsaonl.pantheonsite.io/home.php,1,52,1,1,8,0,-1,-1,unknown,1,-1.0
538,http://www.interdots.com,1,24,0,1,5,0,8823,307,registrygate gmbh,0,0.58
539,http://www.allrates.info,1,24,0,1,5,0,-1,-1,unknown,1,-1.0
540,http://www.live2.de,1,19,0,1,5,0,-1,-1,unknown,1,-1.0
541,http://www.computec-zim.com.mx,1,30,0,2,7,0,1864,326,telmex,0,0.0
542,http://web-git-05-08-featwebenhancedepthchartwithflipto-60762c-uniswap.vercel.app/explore/tokens/arbitrum/NATIVE,1,112,0,1,15,0,-1,-1,unknown,1,-1.0
543,http://www.updatecatalogs.com,1,29,0,1,5,0,1576,249,dynadot llc,0,0.0
544,http://sp1ct6-glornix-biz-qolvrax-drament.pages.dev/,1,52,0,1,10,0,-1,-1,unknown,1,-1.0
545,http://www.from-co.net,1,22,0,1,6,0,-1,-1,unknown,1,-1.0
546,https://storageapi-stg.fleek.co/658cc2d7-a8b0-49b3-9d5a-059aa2304a35-bucket/whuch.html,1,86,1,1,14,0,2322,233,1api gmbh,0,10.37
547,http://www.daldhillon.com,1,25,0,1,5,0,3857,160,godaddy.com llc,0,0.0
548,https://www.xatakandroid.com,0,28,1,1,5,0,5664,179,namecheap inc,0,0.0
549,http://www.john1715.com,1,23,0,1,5,0,5864,344,pdr ltd. d/b/a publicdomainregistry.com,0,29.32
550,http://www.intravel.ro,1,22,0,1,5,0,2542,-1,romarg srl,0,0.0
551,https://www.peris.es,0,20,1,1,5,0,-1,-1,unknown,1,-1.0
552,https://www.udoo.org,0,20,1,1,5,0,6042,897,go france domains llc,0,0.0
553,http://j70j.vip/,1,16,0,0,5,0,51,313,namemart pte. ltd.,0,197.54
554,https://www.odonatologica.com,0,29,1,1,5,0,6547,26,realtime register b.v.,0,15.92
555,https://www.roblox.com.bn/games/89469502395769/Kick-a-Lucky-Block?privateServerLinkCode=32521013251177191579040166837938&game_id=89469502395769&game_name=Kick-a-Lucky-Block,1,172,1,2,21,0,618,111,imagine sdn bhd,0,0.0
556,https://www.charite.de,0,22,1,1,5,0,-1,-1,unknown,1,-1.0
557,http://www.nicegames4u.com,1,26,0,1,5,0,159,205,cnobin information technology limited,0,293.1
558,https://www.dlapiperdataprotection.com,0,38,1,1,5,0,4674,73,csc corporate domains inc.,0,0.0
559,https://www.gypsumceilingkenya.co.ke,0,36,1,2,6,0,3930,87,hostafrica eac,0,0.0
560,http://www.ij2.de,1,17,0,1,5,0,-1,-1,unknown,1,-1.0
561,https://idhelpbusiness23948512354123.web.app/,1,45,1,1,6,1,-1,-1,unknown,1,-1.0
562,https://www.top10newgames.com,0,29,1,1,5,0,3387,264,godaddy.com llc,0,0.0
563,https://www.townofbarre.com,0,27,1,1,5,0,7467,49,godaddy.com llc,0,0.0
564,http://www.sydneycarsales.net,1,29,0,1,5,0,1766,59,dreamscape networks international pte ltd,0,3.02
565,http://www.svnservices.com,1,26,0,1,5,0,1989,201,godaddy.com llc,0,0.0
566,https://www.npower.org,0,22,1,1,5,0,10081,144,godaddy.com llc,0,0.0
567,https://www.rotorelief.com,0,26,1,1,5,0,7849,550,gandi sas,0,3.84
568,https://messagerieprobox.ukit.me/,1,33,1,1,6,0,3502,149,regional network information center jsc dba ru-center,0,0.0
569,https://www.uhn.ca,0,18,1,1,5,0,9296,362,go daddy domains canada inc,0,0.0
570,https://www.nationalww2museum.org,0,33,1,1,5,0,8211,189,squarespace domains ii llc,0,1.73
571,https://www.roblox.com.bn/users/682068158415/profile,1,52,1,2,9,0,618,111,imagine sdn bhd,0,0.0
572,https://www.icd10data.com,0,25,1,1,5,0,7453,216,godaddy.com llc,0,0.0
573,https://www.stzaiacathedral.org.au,0,34,1,2,6,0,-1,-1,unknown,1,-1.0
574,https://ms-online-hiberniancf.vercel.app/,1,41,1,1,8,0,-1,-1,unknown,1,-1.0
575,https://storage.cloud.google.com/q90qqqar22r229r292euser.appspot.com/index.html,1,79,1,2,11,0,10530,791,markmonitor inc.,0,3.55
576,http://www.hobby-site.com,1,25,0,1,6,0,-1,-1,unknown,1,-1.0
577,http://insideoutconstructionva.com/,1,35,0,0,5,0,5193,284,godaddy.com llc,0,0.0
578,https://www.storystudio.tw,0,26,1,1,5,0,3551,468,hinet,0,0.0
579,https://fbcenter-case100510563211.firebaseapp.com/,1,50,1,1,7,0,-1,-1,unknown,1,-1.0
580,https://www.purplesquadsec.com,0,30,1,1,5,0,3273,378,godaddy.com llc,0,0.0
581,http://www.social.cannca.shop,1,29,0,2,6,0,-1,-1,unknown,1,-1.0
582,http://www.cachevideo.online,1,28,0,1,5,0,1575,250,dynadot llc,0,0.0
583,http://www.bmi.net,1,18,0,1,5,0,11444,244,tucows.com co.,0,0.0
584,https://www.lutskrada.gov.ua,0,28,1,2,6,0,9327,167,unknown,1,-1.0
585,https://www.crowdfunder.co.uk,0,29,1,2,6,1,5781,62,gandi [tag = gandi],0,0.0
586,https://www.roblox.com.bn/games/86178279217218/Murderer-VS-Sheriff?privateServerLinkCode=32521013251177191579040166837938&game_id=86178279217218&game_name=Murderer-VS-Sheriff,1,174,1,2,19,0,618,111,imagine sdn bhd,0,0.0
587,https://coberturadefluxoreservaalpha.s3.us-east-005.backblazeb2.com/aumento.html,1,80,1,3,11,0,3654,362,cloudflare inc.,0,0.0
588,https://www.24-7pressrelease.com,0,32,1,1,6,0,8011,1546,godaddy.com llc,0,0.0
589,https://www.swimsuitsforall.com,0,31,1,1,5,0,7947,452,csc corporate domains inc.,0,0.0
590,http://www.undy.org,1,19,0,1,5,0,8301,99,godaddy.com llc,0,0.0
591,http://www.momplet.com,1,22,0,1,5,0,10079,146,dondominio (scip),0,0.0
592,https://www.ch-valence.fr,0,25,1,1,6,0,8772,17,adista,0,0.0
593,https://ipfs.io/ipfs/qmszuzcwvt4sbv9h9wvjydf1ymfkrloitg4hhkvkpj9ccb/,1,68,1,0,7,0,4443,304,csc corporate domains inc.,0,0.0
594,http://www.medad.site,1,21,0,1,5,0,817,277,network solutions llc.,0,0.0
595,https://www.want2donate.org,0,27,1,1,5,1,6347,226,mesh digital limited,0,0.94
596,http://www.usni.com,1,19,0,1,5,0,10306,284,godaddy.com llc,0,0.0
597,http://www.movin.cloud,1,22,0,1,5,0,-1,-1,unknown,1,-1.0
598,https://www.decoupage.org,0,25,1,1,5,0,10262,328,enom llc,0,0.0
599,https://www.gracelakesflorist.com,0,33,1,1,5,0,6936,368,godaddy.com llc,0,0.0
600,https://www.alfaromeo.com,0,25,1,1,5,0,11312,374,gandi sas,0,3.84
601,http://www.f0559586.xsph.ru,1,27,0,2,6,0,6559,379,sprintnames-ru,0,0.0
602,https://prtue6sy56users.boxmode.io/,1,35,1,1,6,0,2543,378,url solutions inc.,0,0.0
603,https://www.city.kitakyushu.lg.jp,0,33,1,3,7,0,-1,-1,unknown,1,-1.0
604,https://www.basedonatruestorypodcast.com,0,40,1,1,5,0,3761,255,dreamhost,0,0.0
605,https://palmsnature.myportfolio.com/,1,36,1,1,6,0,10578,377,nom-iq ltd dba com laude,0,0.0
606,http://www.leveleservizimmobiliari.it,1,37,0,1,5,0,3061,224,aruba s.p.a.,0,0.0
607,http://www.daujimaharajmandir.org,1,33,0,1,5,0,3401,616,godaddy.com llc,0,0.0
608,https://paypal.cardpaysecurity.org/login/k3ZXZz5PrN87W8YYvf98PC7tyGARWWwY5VEA=4BQ==7R1ZOR1ZbaFtYUF5Z/itrbAUX3V4NnCpTUNsEnK9rZkxcrOcHP/,1,134,1,1,12,1,663,66,godaddy.com llc,0,0.0
609,https://www.hcca-info.org,0,25,1,1,6,0,10337,984,network solutions llc,0,0.0
610,http://www.555700.com,1,21,0,1,5,0,6656,282,namesilo llc,0,0.0
611,http://www.cdneurops.health,1,27,0,1,5,0,-1,-1,unknown,1,-1.0
612,https://siasky.net/mac-vbhq5a1eyo524co6rtddnladglfzz1zebgibe5pfsw,1,65,1,0,6,0,2414,142,namecheap inc,0,0.0
613,https://www.redcrossblood.org,0,29,1,1,5,0,10569,752,markmonitor inc.,0,3.55
614,http://www.proxyscope.com,1,25,0,1,5,0,317,412,namesilo llc,0,0.0
615,http://www.howwari.com,1,22,0,1,5,0,2571,350,rebel.com,0,0.0
616,https://www.mtbs3d.com,0,22,1,1,5,0,7101,203,ionos se,0,2.25
617,https://www.companiesmadesimple.com,0,35,1,1,5,0,8440,325,cloudflare inc.,0,0.0
618,http://www.gooogle.services,1,27,0,1,5,0,-1,-1,unknown,1,-1.0
619,https://www.ruc.com.py,0,22,1,2,6,0,-1,-1,unknown,1,-1.0
620,http://www.cecambrils.cat,1,25,0,1,5,0,2933,353,hosting concepts b.v. d/b/a registrar.eu,0,42.22
621,https://www.idonate.ie,0,22,1,1,5,1,5754,90,securehost,0,0.0
622,https://bafybeicgp3xho7u2zlgfrasztwpvnfglqscervhamwpqsrlrjmduhu6vde.ipfs.infura-ipfs.io/,1,88,1,2,8,0,2358,198,gandi sas,0,3.84
623,http://www.userproxy.com,1,24,0,1,5,0,4951,161,godaddy.com llc,0,0.0
624,https://www.nikkeibp.co.jp,0,26,1,2,6,0,11501,-1,unknown,1,-1.0
625,http://www.lilycharme.com,1,25,0,1,5,0,1622,203,godaddy.com llc,0,0.0
626,https://www.closecallsports.com,0,31,1,1,5,0,5306,172,godaddy.com llc,0,0.0
627,http://www.roblox.com.et/users/845284442298/profile/,1,52,0,2,10,0,-1,-1,unknown,1,-1.0
628,https://www.ashleysheridan.co.uk,0,32,1,2,6,0,7099,205,123-reg limited t/a 123-reg [tag = 123-reg],0,0.0
629,http://www.chinaplandexpo.com,1,29,0,1,5,0,296,68,dynadot inc,0,74.77
630,https://dipu-ray.github.io/amazon-clone/,1,40,1,1,9,0,-1,-1,unknown,1,-1.0
631,https://sp1ct6-fralnix-biz-vromtek-qravtor.pages.dev/,1,53,1,1,10,0,-1,-1,unknown,1,-1.0
632,http://www.snsagro.in,1,21,0,1,5,0,306,58,hostinger operations uab,0,0.0
633,https://www.vintagecomputermusic.com,0,36,1,1,5,0,7402,267,name.com inc.,0,0.0
634,https://6499fe38-77b4-4769-aa6a-05884d4e0bab.usrfiles.com/html/0e472f_4d9b2a88f72eb4191a8eb158b004ca1f.html,1,107,1,1,12,0,4798,314,godaddy.com llc,0,0.0
635,http://reliefequipments.com/sg,1,30,0,0,5,0,237,127,freename limited,0,0.0
636,https://365756amyl.com/index_m.html,1,35,1,0,6,0,405,1420,godaddy.com llc,0,0.0
637,http://www.greenvideo.nl,1,24,0,1,5,0,102,-1,virtua drug,0,0.0
638,http://www.entrydns.org,1,23,0,1,5,0,5436,42,global domain group llc,0,719.21
639,http://www.anakhita.com,1,23,0,1,5,0,2510,46,godaddy.com llc,0,0.0
640,https://geminiilogonus.mystrikingly.com/,1,40,1,1,6,0,2786,1231,namecheap inc,0,0.0
641,https://www.marlinbirna.com,0,27,1,1,5,0,4875,237,123-reg limited,0,1.69
642,https://www.labraidfundraising.com,0,34,1,1,5,1,7482,187,godaddy.com llc,0,0.0
643,https://s3.amazonaws.com/appforest_uf/f1672759453899x336560066180168200/indexcp.html#reports@antiphishing.ch,1,108,1,1,12,0,7637,184,markmonitor inc.,0,3.55
644,https://www.forestry.gov.cn,0,27,1,2,6,0,9421,2266,北京国科云计算技术有限公司（原北京中科三方网络技术有限公司）,0,0.0
645,http://www.rockmayak.ru,1,23,0,1,5,0,2809,112,regru-ru,0,0.0
646,https://www.edepot.ro,0,21,1,1,5,0,5381,-1,ici - registrar,0,0.0
647,http://www.digitalmarketingnews.net,1,35,0,1,5,0,2438,118,dynadot inc,0,74.77
648,https://www.triboro-fcu.org,0,27,1,1,6,0,10178,47,godaddy.com llc,0,0.0
649,http://www.a0406347.xsph.ru,1,27,0,2,6,0,6559,379,sprintnames-ru,0,0.0
650,https://storageapi.fleek.co/008009aa-0c78-42dc-a70d-c23181f54038-bucket/validatesession24/index.html,1,100,1,1,14,0,2322,233,1api gmbh,0,10.37
651,http://www.presidentialagent.com,1,32,0,1,5,0,2370,186,turncommerce inc. dba namebright.com,0,0.0
652,https://www.mysisterkate.com,0,28,1,1,5,0,8595,901,network solutions llc,0,0.0
653,https://www.sueddeutsche.de,0,27,1,1,5,0,-1,-1,unknown,1,-1.0
654,https://www.cheekylime.com,0,26,1,1,5,0,457,272,namesilo llc,0,0.0
655,https://www.codetoinspire.org,0,29,1,1,5,0,4213,900,1api gmbh,0,10.37
656,https://www.contact-emails.com,0,30,1,1,6,0,2612,309,gname.com pte. ltd.,0,85.5
657,https://www.sslchecker.com,0,26,1,1,5,0,7574,95,namecheap inc,0,0.0
658,http://onlineservicetec.com/landingpages/214dde44-d83d-472c-808d-4304cf3e308c/pmxtnezlw_bpcs9y5rfb_yhvkottbsmymih4vssuhzk,1,121,0,0,11,0,2884,37,amazon registrar inc.,0,0.0
659,https://www.moldedfoam-ip.com,0,29,1,1,6,0,6510,63,network solutions llc,0,0.0
660,http://www.asluna.com,1,21,0,1,5,0,3479,172,turncommerce inc. dba namebright.com,0,0.0
661,https://www.adha.org,0,20,1,1,5,0,11085,1698,network solutions llc.,0,0.0
662,https://www.europadreaming.eu,0,29,1,1,5,0,-1,-1,1api gmbh,0,10.37
663,http://www.sponsorplay.com,1,26,0,1,5,0,656,73,dynadot inc,0,74.77
664,http://www.tbbbet.com/,1,22,0,1,6,0,585,144,gname.com pte. ltd.,0,85.5
665,https://www.baby-nova-shop.de,0,29,1,1,7,0,-1,-1,unknown,1,-1.0
666,https://wshshja-bka7fzgzaffkcpbn.z02.azurefd.net/WinAbhwebsi018/index.html,1,74,1,2,10,0,-1,-1,unknown,1,-1.0
667,https://bafybeiavcwbxkqrer7mmcny6cdy7fw42sdbtfashqwgqbihrkaq7wdxiuq.ipfs.infura-ipfs.io//mail_delivery_pil1904.html,1,115,1,2,10,0,2358,198,gandi sas,0,3.84
668,https://www.crowdfundme.it,0,26,1,1,5,1,4921,-11,register s.p.a.,0,0.0
669,https://gateway.pinata.cloud/ipfs/bafybeicut2gtz2rcrdw2vby4vlndj2ehe7ph64scqtjwjqw6kcpy6esdti/solution.html,1,107,1,1,9,0,2884,37,namecheap inc,0,0.0
670,https://www.top.guiadeoportunidades.com.br,1,42,1,3,7,0,2546,375,unknown,1,-1.0
671,https://www.seychellesbirdrecordscommittee.com,0,46,1,1,5,0,5415,1159,register.com inc.,0,0.0
672,https://www.ellendean.co.uk,0,27,1,2,6,0,7317,352,ionos se [tag = 1and1],0,0.0
673,https://www.955klos.com,0,23,1,1,5,0,10563,758,godaddy.com llc,0,0.0
674,http://www.hellacademy.com,1,26,0,1,5,0,249,115,dropcatch.com 1112 llc,0,0.0
675,https://www.tfc.tohoku.ac.jp,0,28,1,3,7,0,-1,-1,unknown,1,-1.0
676,http://www.123xxbb.com,1,22,0,1,5,0,4080,302,namesilo llc,0,0.0
677,http://www.co19.kr,1,18,0,1,5,0,4566,181,viaweb(http://viaweb.co.kr),0,0.0
678,http://www.downloadconfirm.net,1,30,0,1,5,0,5013,99,godaddy.com llc,0,0.0
679,https://www.hevy.co.uk,0,22,1,2,6,0,3144,142,namecheap inc. [tag = namecheap-inc],0,0.0
680,http://www.a0606386.xsph.ru,1,27,0,2,6,0,6559,379,sprintnames-ru,0,0.0
681,https://www.marketingsherpa.com,0,31,1,1,5,0,9780,81,internet domain service bs corp.,0,0.0
682,http://www.baykusoglu.com.tr,1,28,0,2,6,0,6849,1185,unknown,1,-1.0
683,https://www.foodsdictionary.co.il,0,33,1,2,6,0,-1,-1,unknown,1,-1.0
684,https://dev-itaupyregs.pantheonsite.io/,1,39,1,1,7,0,-1,-1,unknown,1,-1.0
685,https://www.lasnoticiasdecuenca.es,0,34,1,1,5,0,-1,-1,unknown,1,-1.0
686,https://versadrones.net/wp-mail/owa.html,1,40,1,0,8,0,1933,257,afriregister s.a.,0,0.0
687,https://www.georgetownmover.com/wpcontent/www.made-in-china.com/index.html,1,74,1,1,13,0,614,115,godaddy.com llc,0,0.0
688,https://www.youradulttoystore.com,0,33,1,1,5,0,7673,361,namecheap inc,0,0.0
689,http://great-bet365.com.cn/,1,27,0,1,7,0,91,273,阿里云计算有限公司（万网）,0,0.0
690,https://www.eatdrinkpure.com,0,28,1,1,5,0,3782,234,bluehost inc.,0,1.31
691,http://netflix-clone-teal-iota.vercel.app/,1,42,0,1,9,0,-1,-1,unknown,1,-1.0
692,https://www.koord.com,0,21,1,1,5,0,7888,511,bluehost inc.,0,1.31
693,https://www.nds.rub.de,0,22,1,2,6,0,-1,-1,unknown,1,-1.0
694,http://www.npro.biz,1,19,0,1,5,0,1603,-1,pt ardh global indonesia,0,0.0
695,http://sp1ct6-qolnex-biz-glapvik-drament.pages.dev/,1,51,0,1,10,0,-1,-1,unknown,1,-1.0
696,http://www.mnzhibo.com,1,22,0,1,5,0,256,108,gname 115 inc,0,0.0
697,https://www.surfaceforums.net,0,29,1,1,5,0,5140,337,cloudflare inc.,0,0.0
698,https://www.3656ooo.com,1,23,1,1,5,0,-1,-1,unknown,1,-1.0
699,https://www.hoopscooponline.com,0,31,1,1,5,0,10009,217,namecheap inc,0,0.0
700,https://www.ibo.org,0,19,1,1,5,0,11118,936,enom llc,0,0.0
701,https://www.asturiasmundial.com,0,31,1,1,5,0,5657,186,dondominio (scip),0,0.0
702,https://www.charityfootprints.com,0,33,1,1,5,0,4799,313,godaddy.com llc,0,0.0
703,https://appsctrl07.web.app/,1,27,1,1,6,0,-1,-1,unknown,1,-1.0
704,https://www.cjortho.fr,0,22,1,1,5,0,4765,347,ovh,0,0.0
705,https://demo3.cloudwp.dev/trial-u1t90x21/swiss/portal/seleccione_medio_de_pago.php,1,82,1,1,11,0,-1,-1,unknown,1,-1.0
706,http://www.thexite.net,1,22,0,1,5,0,5642,201,godaddy.com llc,0,0.0
707,https://bruno-herzog.ch/lp_creditare/portal/clients/login.php?verification#_login&amp;appidkey=4098d90b6078dbf&amp;country=ro,1,125,1,0,18,2,-1,-1,unknown,1,-1.0
708,http://www.constructioninc.zzz.com.ua,1,37,0,3,7,0,4169,213,"тов ""центр інтернет-імен україни""",0,0.0
709,http://www.camilastexmex.com,1,28,0,1,5,0,2924,362,tucows.com co.,0,0.0
710,https://urgenciaetudo.s3.us-east-005.backblazeb2.com/aumento.html,1,65,1,3,11,0,3654,362,cloudflare inc.,0,0.0
711,https://figte1.pages.dev/-/zh/-CD-/zgbs/music/63929/ref=zg_bs_nav_music_2_303272011,1,83,1,1,16,0,-1,-1,unknown,1,-1.0
712,https://www.blumar.com.br,0,25,1,2,6,0,10578,3300,unknown,1,-1.0
713,https://www.oltremare.net,0,25,1,1,5,0,10039,187,network solutions llc,0,0.0
714,https://www.verizon.com,0,23,1,1,5,0,9627,233,csc corporate domains inc.,0,0.0
715,https://www.dallashopecharities.org,0,35,1,1,5,0,3886,131,godaddy.com llc,0,0.0
716,http://galabetenvivo.com/,1,25,0,0,5,0,316,48,godaddy.com llc,0,0.0
717,https://loginservice.cloud/E.mnRJFvTPwWa-wkeL3A?/linkedin/slink?code=afSN103785,1,79,1,0,12,1,470,259,gandi sas,0,3.84
718,http://www.hard-grooves.com,1,27,0,1,6,0,9057,73,tucows.com co.,0,0.0
719,https://www.narimadison.org,0,27,1,1,5,0,6287,286,namecheap inc.,0,0.0
720,https://www.renci.org.sg,0,24,1,2,6,0,9450,44,pacific internet (s) pte ltd,0,0.0
721,http://www.ydns.eu,1,18,0,1,5,0,-1,-1,inwx gmbh,0,8.52
722,http://www.loversion.com,1,24,0,1,5,0,3524,127,turncommerce inc. dba namebright.com,0,0.0
723,https://www.awai.com,0,20,1,1,5,0,9233,628,godaddy.com llc,0,0.0
724,https://www.evergreenccs.org,0,28,1,1,5,0,-1,-1,unknown,1,-1.0
725,https://www.dsni.org,0,20,1,1,5,0,10269,321,network solutions llc,0,0.0
726,https://www.geobib.fr,0,21,1,1,5,0,6228,1076,ovh,0,0.0
727,http://www.322.org,1,18,0,1,5,0,9625,235,godaddy.com llc,0,0.0
728,https://www.bund.net,0,20,1,1,5,0,10896,59,http.net internet gmbh,0,0.0
729,https://www.redcross.org,0,24,1,1,5,0,11271,415,markmonitor inc.,0,3.55
730,https://sp1ct6-slurnax-biz-drulnex-qravtek.pages.dev/,1,53,1,1,10,0,-1,-1,unknown,1,-1.0
731,https://dev-informacionsegurastttprovincia.pantheonsite.io/,1,59,1,1,7,0,-1,-1,unknown,1,-1.0
732,http://www.franosbarbershop.com,1,31,0,1,5,0,2791,130,tucows.com co.,0,0.0
733,https://www.codefol.io,0,22,1,1,5,0,56,308,costrar eood,0,0.0
734,http://bncronline.atsnx.com/?i=1,1,32,0,1,8,0,437,292,curveball domains llc,0,0.0
735,http://www.purepropertiesobx.com,1,32,0,1,5,0,2963,689,godaddy.com llc,0,0.0
736,http://www.varq.org/wp-admin/Serpico_Legal/,1,43,0,1,9,0,-1,-1,unknown,1,-1.0
737,http://www.pearlyqueenbeer.com.usrfiles.com/html/0e472f_4d9b2a88f72eb4191a8eb158b004ca1f.html,1,93,0,3,10,0,4798,314,godaddy.com llc,0,0.0
738,http://www.mp3.cr,1,17,0,1,5,0,6765,204,nic-reg1,0,0.0
739,http://accounts.marketwebb.me/en/login/,1,39,0,1,8,2,629,100,gandi sas,0,3.84
740,http://www.donate.crypto-webminer.com,1,37,0,2,7,1,3144,142,1api gmbh,0,10.37
741,https://porezna-uperava.firebaseapp.com/,1,40,1,1,7,0,-1,-1,unknown,1,-1.0
742,https://www.ogtstore.com,0,24,1,1,5,0,9359,1232,namecheap inc,0,0.0
743,https://www.unicef.org.uk,0,25,1,2,6,0,10941,39,claranet limited t/a claranet [tag = claranet],0,0.0
744,https://www.roblox.com.bn/games/13379208636/Attack-on-Titan-Revolution?privateServerLinkCode=07747204958303682173619610650258,1,125,1,2,14,0,618,111,imagine sdn bhd,0,0.0
745,http://www.sportask.org,1,23,0,1,5,0,984,111,registrar of domain names reg.ru llc,0,10.78
746,http://zun888.cc/index.html,1,27,0,0,6,0,2946,340,dynadot inc,0,74.77
747,https://www.tsv.fi,0,18,1,1,5,0,10310,410,tieteellisten seurain valtuuskunta,0,0.0
748,https://www.hlrs.de,0,19,1,1,5,0,-1,-1,unknown,1,-1.0
749,https://bafybeifpylxxg4inibwjxqpzxqfvrb3wgclzdzvzm4arfwni5w6x6ukybi.ipfs.infura-ipfs.io/,1,88,1,2,8,0,2358,198,gandi sas,0,3.84
750,https://www.andeva.fr,0,21,1,1,5,0,7111,558,ovh,0,0.0
751,https://auth-production-4a4bc.web.app/,1,38,1,1,8,0,-1,-1,unknown,1,-1.0
752,https://www.p365888.com/mobile-client/bet365_627/index.html,1,59,1,1,10,0,-1,-1,unknown,1,-1.0
753,https://fleek.ipfs.io/ipfs/qmtqwftrrzxtr7dhs6t4agznjqzwnqxdz7tmppapjnxtaq/,1,74,1,1,8,0,4443,304,csc corporate domains inc.,0,0.0
754,http://www.curiofirenze.com,1,27,0,1,5,0,4327,55,csl computer service langenbach gmbh d/b/a joker.com,0,1.96
755,https://www.kimweston.com,0,25,1,1,5,0,9459,401,network solutions llc,0,0.0
756,https://www.shiningdiamonds.co.uk,0,33,1,2,6,0,5273,205,godaddy.com llc. [tag = godaddy],0,0.0
757,http://www.updateschedule.verwalten.ch,1,38,0,2,6,0,-1,-1,unknown,1,-1.0
758,http://sp1ct6-drulvex-biz-vraqlor-glament.pages.dev/,1,52,0,1,10,0,-1,-1,unknown,1,-1.0
759,https://www.rtrs.tv,0,19,1,1,5,0,9083,778,godaddy.com llc,0,0.0
760,https://www.booksmartapp.com,0,28,1,1,5,0,4777,335,namecheap inc,0,0.0
761,https://chaselogin91.firebaseapp.com/,1,37,1,1,6,1,-1,-1,unknown,1,-1.0
762,https://www.wifv.org,0,20,1,1,5,0,10649,308,tucows.com co.,0,0.0
763,http://www.vv338.com,1,20,0,1,5,0,3939,78,turncommerce inc. dba namebright.com,0,0.0
764,http://www.037yu.xyz,1,20,0,1,5,0,1765,425,namesilo llc,0,0.0
765,https://roycoverry63sitepgess.start.page/,1,41,1,1,6,0,-1,-1,unknown,1,-1.0
766,http://www.x10.mx,1,17,0,1,5,0,6042,165,registrar.eu,0,0.0
767,https://dunh1ll.github.io/Netflix-clone/,1,40,1,1,8,0,-1,-1,unknown,1,-1.0
768,https://m.dtwyiqnl9ods.com:9229/account/reg?code=40555,1,54,1,1,10,1,-1,-1,unknown,1,-1.0
769,https://www.mednet.com,0,22,1,1,5,0,11955,96,godaddy.com llc,0,0.0
770,http://www.standardcertifications.com,1,37,0,1,5,0,66,298,fastdomain inc.,0,0.0
771,https://linklist.bio/luiza_bolos?gclid=eaiaiqobchmiqjs9j8eq_qivwefiab1q4qr5eamyasaaeglv-pd_bwe,1,94,1,0,8,0,-1,-1,unknown,1,-1.0
772,http://onlineservicetec.com/landingpages/fb784c8f-6c9a-48a0-8d5d-656e8f05b541/viqwq-5w_jrtes8p8ofasfjtevfm-vumpj91e3-w2ss,1,121,0,0,14,0,2884,37,amazon registrar inc.,0,0.0
773,http://www.lesbonsbras.com,1,26,0,1,5,0,3735,281,ovh sas,0,1.82
774,https://www.sounds-resource.com,0,31,1,1,6,0,6236,337,cloudflare inc.,0,0.0
775,http://auvieuxgassin-restaurant.com/,1,36,0,0,6,0,1406,54,dynadot inc,0,74.77
776,https://www.redcross.or.ke,0,26,1,2,6,0,4684,794,safaricom limited,0,0.0
777,http://www.daxberger.at,1,23,0,1,5,0,-1,-1,world4you internet services gmbh ( https://nic.at/registrar/61 ),0,0.0
778,https://www.sgu.edu,0,19,1,1,5,0,10961,379,unknown,1,-1.0
779,http://www.boosting.online,1,26,0,1,5,0,37,327,pdr ltd. d/b/a publicdomainregistry.com,0,29.32
780,https://www.umamiinfo.com,0,25,1,1,5,0,7761,273,gmo internet inc.,0,0.0
781,https://www.clutchjewelry.com,0,29,1,1,5,0,5928,280,godaddy.com llc,0,0.0
782,https://www.unicefusa.org,0,25,1,1,5,0,11348,1799,network solutions llc,0,0.0
783,http://trustwallet.org.cn/,1,26,0,1,6,0,267,97,厦门纳网科技股份有限公司,0,0.0
784,https://www.charityparkerson.com,0,32,1,1,5,0,5519,1785,register.com inc.,0,0.0
785,http://www.bizventuresgroup.com,1,31,0,1,5,0,1854,336,godaddy.com llc,0,0.0
786,https://www.adhrrf.org,0,22,1,1,5,0,3199,452,namecheap inc,0,0.0
787,https://www.climatecontrolnews.com.au,0,37,1,2,6,0,-1,-1,domain directors pty ltd trading as instra,0,0.0
788,https://www.thecrowdfundingformula.com,0,38,1,1,5,1,3973,44,pdr ltd. d/b/a publicdomainregistry.com,0,29.32
789,https://www.bitmovin.com,0,24,1,1,5,0,4923,189,registrygate gmbh,0,0.58
790,https://www.subverseindustries.com,0,34,1,1,5,0,4773,339,godaddy.com llc,0,0.0
791,https://www.avirtualvoyage.net,0,30,1,1,5,0,5304,174,namesilo llc,0,0.0
792,http://galabet388.org/,1,22,0,0,5,0,-1,-1,unknown,1,-1.0
793,https://magyarposta-hu.unaux.com/,1,33,1,1,7,0,3597,54,namesilo llc,0,0.0
794,https://userede.sac-venda.com/,1,30,1,1,7,0,-1,-1,unknown,1,-1.0
795,https://www.bernardine.org,0,26,1,1,5,0,8224,541,ovh sas,0,1.82
796,https://rfpproposalnowakcabinetsofelkrapids.myportfolio.com/,1,60,1,1,6,0,-1,-1,unknown,1,-1.0
797,https://m.365best6.com/eng/home/index,1,37,1,1,8,0,1698,127,godaddy.com llc,0,0.0
798,https://ipfs.io/ipfs/qmza2tpod5phznroqicquhc9kfbck95b7cywgh3gygxhuw?filename=files.html,1,87,1,0,9,0,-1,-1,unknown,1,-1.0
799,https://www.prrn.mcgill.ca,0,26,1,2,6,0,9408,180,a.r.c. informatique inc.,0,0.0
800,https://www.shorthairmodels.com,0,31,1,1,5,0,3044,242,pdr ltd. d/b/a publicdomainregistry.com,0,29.32
801,https://www.amdea.org.uk,0,24,1,2,6,0,10375,216,elite limited t/a elite [tag = eliteuk],0,0.0
802,https://www.charitiesnys.com,0,28,1,1,5,0,6103,105,godaddy.com llc,0,0.0
803,https://www.beaulieu.co.uk,0,26,1,2,6,0,10670,286,godaddy.com llc. [tag = godaddy],0,0.0
